K,a,b,c,d,seed,obj
8,1e-09,0.007021866996761653,1e-09,0.007021866996761653,0,-206224821.13707262
8,1e-09,0.007021866996761653,1e-08,0.007021866996761653,0,-206224821.13694146
8,1e-09,0.007021866996761653,1e-07,0.007021866996761653,0,-206224821.13563162
8,1e-09,0.007021866996761653,1e-06,0.007021866996761653,0,-206224821.12253252
8,1e-09,0.007021866996761653,1e-05,0.007021866996761653,0,-206224820.9915447
8,1e-09,0.007021866996761653,0.0001,0.007021866996761653,0,-206224833.37072557
8,1e-09,0.007021866996761653,0.001,0.007021866996761653,0,-206226910.66403094
8,1e-09,0.007021866996761653,0.01,0.007021866996761653,0,-206225626.54095885
8,1e-09,0.007021866996761653,0.1,0.007021866996761653,0,-206226350.12262213
8,1e-09,0.007021866996761653,1.0,0.007021866996761653,0,-206208948.21280044
8,1e-09,0.007021866996761653,10.0,0.007021866996761653,0,-206082464.03376156
8,1e-09,0.007021866996761653,100.0,0.007021866996761653,0,-204852266.0657444
8,1e-09,0.007021866996761653,1000.0,0.007021866996761653,0,-206164923.63674226
8,1e-09,0.007021866996761653,10000.0,0.007021866996761653,0,-219639691.74446666
8,1e-09,0.007021866996761653,100000.0,0.007021866996761653,0,-235195243.04396173
8,1e-09,0.007021866996761653,1000000.0,0.007021866996761653,0,-238727294.3471618
8,1e-09,0.007021866996761653,10000000.0,0.007021866996761653,0,-239128349.07114106
8,1e-09,0.007021866996761653,100000000.0,0.007021866996761653,0,-239112178.35966825
8,1e-09,0.007021866996761653,1000000000.0,0.007021866996761653,0,-239180744.80183756
8,1e-08,0.007021866996761653,1e-09,0.007021866996761653,0,-206224821.1357829
8,1e-08,0.007021866996761653,1e-08,0.007021866996761653,0,-206224821.13565186
8,1e-08,0.007021866996761653,1e-07,0.007021866996761653,0,-206224821.13434193
8,1e-08,0.007021866996761653,1e-06,0.007021866996761653,0,-206224821.12124282
8,1e-08,0.007021866996761653,1e-05,0.007021866996761653,0,-206224820.9902552
8,1e-08,0.007021866996761653,0.0001,0.007021866996761653,0,-206224833.36943585
8,1e-08,0.007021866996761653,0.001,0.007021866996761653,0,-206226910.66254088
8,1e-08,0.007021866996761653,0.01,0.007021866996761653,0,-206225626.53965032
8,1e-08,0.007021866996761653,0.1,0.007021866996761653,0,-206226350.1212939
8,1e-08,0.007021866996761653,1.0,0.007021866996761653,0,-206208948.21146652
8,1e-08,0.007021866996761653,10.0,0.007021866996761653,0,-206082464.0323806
8,1e-08,0.007021866996761653,100.0,0.007021866996761653,0,-204852266.06445616
8,1e-08,0.007021866996761653,1000.0,0.007021866996761653,0,-206164923.6334234
8,1e-08,0.007021866996761653,10000.0,0.007021866996761653,0,-219639691.74186707
8,1e-08,0.007021866996761653,100000.0,0.007021866996761653,0,-235195243.04165238
8,1e-08,0.007021866996761653,1000000.0,0.007021866996761653,0,-238727294.34486768
8,1e-08,0.007021866996761653,10000000.0,0.007021866996761653,0,-239128349.06884763
8,1e-08,0.007021866996761653,100000000.0,0.007021866996761653,0,-239112178.35737193
8,1e-08,0.007021866996761653,1000000000.0,0.007021866996761653,0,-239180744.79933083
8,1e-07,0.007021866996761653,1e-09,0.007021866996761653,0,-206224821.12288618
8,1e-07,0.007021866996761653,1e-08,0.007021866996761653,0,-206224821.12275496
8,1e-07,0.007021866996761653,1e-07,0.007021866996761653,0,-206224821.12144512
8,1e-07,0.007021866996761653,1e-06,0.007021866996761653,0,-206224821.1083459
8,1e-07,0.007021866996761653,1e-05,0.007021866996761653,0,-206224820.9773585
8,1e-07,0.007021866996761653,0.0001,0.007021866996761653,0,-206224833.35653824
8,1e-07,0.007021866996761653,0.001,0.007021866996761653,0,-206226910.64763972
8,1e-07,0.007021866996761653,0.01,0.007021866996761653,0,-206225626.52656496
8,1e-07,0.007021866996761653,0.1,0.007021866996761653,0,-206226350.10801235
8,1e-07,0.007021866996761653,1.0,0.007021866996761653,0,-206208948.19812578
8,1e-07,0.007021866996761653,10.0,0.007021866996761653,0,-206082464.01857015
8,1e-07,0.007021866996761653,100.0,0.007021866996761653,0,-204852266.05157205
8,1e-07,0.007021866996761653,1000.0,0.007021866996761653,0,-206164923.6002326
8,1e-07,0.007021866996761653,10000.0,0.007021866996761653,0,-219639691.71587116
8,1e-07,0.007021866996761653,100000.0,0.007021866996761653,0,-235195243.01855916
8,1e-07,0.007021866996761653,1000000.0,0.007021866996761653,0,-238727294.32192704
8,1e-07,0.007021866996761653,10000000.0,0.007021866996761653,0,-239135130.23119813
8,1e-07,0.007021866996761653,100000000.0,0.007021866996761653,0,-239118719.43802062
8,1e-07,0.007021866996761653,1000000000.0,0.007021866996761653,0,-239180744.77426365
8,1e-06,0.007021866996761653,1e-09,0.007021866996761653,0,-206224820.99391785
8,1e-06,0.007021866996761653,1e-08,0.007021866996761653,0,-206224820.99378678
8,1e-06,0.007021866996761653,1e-07,0.007021866996761653,0,-206224820.99247703
8,1e-06,0.007021866996761653,1e-06,0.007021866996761653,0,-206224820.97937778
8,1e-06,0.007021866996761653,1e-05,0.007021866996761653,0,-206224820.84839046
8,1e-06,0.007021866996761653,0.0001,0.007021866996761653,0,-206224833.227565
8,1e-06,0.007021866996761653,0.001,0.007021866996761653,0,-206226910.49863008
8,1e-06,0.007021866996761653,0.01,0.007021866996761653,0,-206225626.39571455
8,1e-06,0.007021866996761653,0.1,0.007021866996761653,0,-206226349.9751989
8,1e-06,0.007021866996761653,1.0,0.007021866996761653,0,-206208948.06472448
8,1e-06,0.007021866996761653,10.0,0.007021866996761653,0,-206082463.88046598
8,1e-06,0.007021866996761653,100.0,0.007021866996761653,0,-204852265.92273277
8,1e-06,0.007021866996761653,1000.0,0.007021866996761653,0,-206164923.2683947
8,1e-06,0.007021866996761653,10000.0,0.007021866996761653,0,-219639691.45591292
8,1e-06,0.007021866996761653,100000.0,0.007021866996761653,0,-235195242.78762725
8,1e-06,0.007021866996761653,1000000.0,0.007021866996761653,0,-238735358.00013745
8,1e-06,0.007021866996761653,10000000.0,0.007021866996761653,0,-239136344.272653
8,1e-06,0.007021866996761653,100000000.0,0.007021866996761653,0,-239119957.41712078
8,1e-06,0.007021866996761653,1000000000.0,0.007021866996761653,0,-239182114.07319102
8,1e-05,0.007021866996761653,1e-09,0.007021866996761653,0,-206224821.6399937
8,1e-05,0.007021866996761653,1e-08,0.007021866996761653,0,-206224821.63986245
8,1e-05,0.007021866996761653,1e-07,0.007021866996761653,0,-206224821.63855252
8,1e-05,0.007021866996761653,1e-06,0.007021866996761653,0,-206224821.62545338
8,1e-05,0.007021866996761653,1e-05,0.007021866996761653,0,-206224821.49446738
8,1e-05,0.007021866996761653,0.0001,0.007021866996761653,0,-206224831.93786725
8,1e-05,0.007021866996761653,0.001,0.007021866996761653,0,-206226903.04403666
8,1e-05,0.007021866996761653,0.01,0.007021866996761653,0,-206225631.92354247
8,1e-05,0.007021866996761653,0.1,0.007021866996761653,0,-206226348.66541833
8,1e-05,0.007021866996761653,1.0,0.007021866996761653,0,-206208902.4015309
8,1e-05,0.007021866996761653,10.0,0.007021866996761653,0,-206081886.73099554
8,1e-05,0.007021866996761653,100.0,0.007021866996761653,0,-204852284.31480768
8,1e-05,0.007021866996761653,1000.0,0.007021866996761653,0,-206161451.95413777
8,1e-05,0.007021866996761653,10000.0,0.007021866996761653,0,-219644564.98509002
8,1e-05,0.007021866996761653,100000.0,0.007021866996761653,0,-235202353.81407675
8,1e-05,0.007021866996761653,1000000.0,0.007021866996761653,0,-238735641.4575758
8,1e-05,0.007021866996761653,10000000.0,0.007021866996761653,0,-239136441.47193548
8,1e-05,0.007021866996761653,100000000.0,0.007021866996761653,0,-239119985.81640536
8,1e-05,0.007021866996761653,1000000000.0,0.007021866996761653,0,-239182093.19906947
8,0.0001,0.007021866996761653,1e-09,0.007021866996761653,0,-206223280.1945094
8,0.0001,0.007021866996761653,1e-08,0.007021866996761653,0,-206223280.19437742
8,0.0001,0.007021866996761653,1e-07,0.007021866996761653,0,-206223280.19305956
8,0.0001,0.007021866996761653,1e-06,0.007021866996761653,0,-206223280.17987952
8,0.0001,0.007021866996761653,1e-05,0.007021866996761653,0,-206223280.048079
8,0.0001,0.007021866996761653,0.0001,0.007021866996761653,0,-206223278.73025548
8,0.0001,0.007021866996761653,0.001,0.007021866996761653,0,-206224274.65128854
8,0.0001,0.007021866996761653,0.01,0.007021866996761653,0,-206228803.7705429
8,0.0001,0.007021866996761653,0.1,0.007021866996761653,0,-206222558.95845968
8,0.0001,0.007021866996761653,1.0,0.007021866996761653,0,-206204301.31757715
8,0.0001,0.007021866996761653,10.0,0.007021866996761653,0,-206076409.91214794
8,0.0001,0.007021866996761653,100.0,0.007021866996761653,0,-204845948.31764883
8,0.0001,0.007021866996761653,1000.0,0.007021866996761653,0,-206168527.48888844
8,0.0001,0.007021866996761653,10000.0,0.007021866996761653,0,-219639463.09398893
8,0.0001,0.007021866996761653,100000.0,0.007021866996761653,0,-235198877.29444888
8,0.0001,0.007021866996761653,1000000.0,0.007021866996761653,0,-238730277.98077884
8,0.0001,0.007021866996761653,10000000.0,0.007021866996761653,0,-239130931.67440897
8,0.0001,0.007021866996761653,100000000.0,0.007021866996761653,0,-239114654.8126107
8,0.0001,0.007021866996761653,1000000000.0,0.007021866996761653,0,-239176841.3614088
8,0.001,0.007021866996761653,1e-09,0.007021866996761653,0,-206226422.60140944
8,0.001,0.007021866996761653,1e-08,0.007021866996761653,0,-206226422.60127857
8,0.001,0.007021866996761653,1e-07,0.007021866996761653,0,-206226422.5999693
8,0.001,0.007021866996761653,1e-06,0.007021866996761653,0,-206226422.5868782
8,0.001,0.007021866996761653,1e-05,0.007021866996761653,0,-206226422.4559671
8,0.001,0.007021866996761653,0.0001,0.007021866996761653,0,-206226421.14688078
8,0.001,0.007021866996761653,0.001,0.007021866996761653,0,-206226402.68935913
8,0.001,0.007021866996761653,0.01,0.007021866996761653,0,-206225253.20365354
8,0.001,0.007021866996761653,0.1,0.007021866996761653,0,-206226713.1840829
8,0.001,0.007021866996761653,1.0,0.007021866996761653,0,-206211224.9926643
8,0.001,0.007021866996761653,10.0,0.007021866996761653,0,-206079758.884533
8,0.001,0.007021866996761653,100.0,0.007021866996761653,0,-204855939.17316476
8,0.001,0.007021866996761653,1000.0,0.007021866996761653,0,-206164129.88369012
8,0.001,0.007021866996761653,10000.0,0.007021866996761653,0,-219643031.47196573
8,0.001,0.007021866996761653,100000.0,0.007021866996761653,0,-235202333.6826536
8,0.001,0.007021866996761653,1000000.0,0.007021866996761653,0,-238733890.4877563
8,0.001,0.007021866996761653,10000000.0,0.007021866996761653,0,-239135040.9810287
8,0.001,0.007021866996761653,100000000.0,0.007021866996761653,0,-239118837.53700522
8,0.001,0.007021866996761653,1000000000.0,0.007021866996761653,0,-239180804.40949988
8,0.01,0.007021866996761653,1e-09,0.007021866996761653,0,-206221227.66871598
8,0.01,0.007021866996761653,1e-08,0.007021866996761653,0,-206221227.6685836
8,0.01,0.007021866996761653,1e-07,0.007021866996761653,0,-206221227.66726065
8,0.01,0.007021866996761653,1e-06,0.007021866996761653,0,-206221227.6540316
8,0.01,0.007021866996761653,1e-05,0.007021866996761653,0,-206221227.52174222
8,0.01,0.007021866996761653,0.0001,0.007021866996761653,0,-206221226.19884932
8,0.01,0.007021866996761653,0.001,0.007021866996761653,0,-206220953.17882115
8,0.01,0.007021866996761653,0.01,0.007021866996761653,0,-206217424.87237138
8,0.01,0.007021866996761653,0.1,0.007021866996761653,0,-206218211.91299754
8,0.01,0.007021866996761653,1.0,0.007021866996761653,0,-206203011.9954154
8,0.01,0.007021866996761653,10.0,0.007021866996761653,0,-206079049.19506145
8,0.01,0.007021866996761653,100.0,0.007021866996761653,0,-204857290.46405572
8,0.01,0.007021866996761653,1000.0,0.007021866996761653,0,-206164975.73160356
8,0.01,0.007021866996761653,10000.0,0.007021866996761653,0,-219635158.64372677
8,0.01,0.007021866996761653,100000.0,0.007021866996761653,0,-235195416.81241423
8,0.01,0.007021866996761653,1000000.0,0.007021866996761653,0,-238726801.92467472
8,0.01,0.007021866996761653,10000000.0,0.007021866996761653,0,-239128090.2914927
8,0.01,0.007021866996761653,100000000.0,0.007021866996761653,0,-239112096.48709217
8,0.01,0.007021866996761653,1000000000.0,0.007021866996761653,0,-239174197.49761105
8,0.1,0.007021866996761653,1e-09,0.007021866996761653,0,-206215374.4776654
8,0.1,0.007021866996761653,1e-08,0.007021866996761653,0,-206215374.47753385
8,0.1,0.007021866996761653,1e-07,0.007021866996761653,0,-206215374.4762195
8,0.1,0.007021866996761653,1e-06,0.007021866996761653,0,-206215374.46307558
8,0.1,0.007021866996761653,1e-05,0.007021866996761653,0,-206215374.33163846
8,0.1,0.007021866996761653,0.0001,0.007021866996761653,0,-206215373.01726982
8,0.1,0.007021866996761653,0.001,0.007021866996761653,0,-206216296.7280195
8,0.1,0.007021866996761653,0.01,0.007021866996761653,0,-206209811.5483772
8,0.1,0.007021866996761653,0.1,0.007021866996761653,0,-206214118.48951146
8,0.1,0.007021866996761653,1.0,0.007021866996761653,0,-206199321.3832055
8,0.1,0.007021866996761653,10.0,0.007021866996761653,0,-206065871.2730109
8,0.1,0.007021866996761653,100.0,0.007021866996761653,0,-204845525.5192504
8,0.1,0.007021866996761653,1000.0,0.007021866996761653,0,-206133943.46138594
8,0.1,0.007021866996761653,10000.0,0.007021866996761653,0,-219616161.2306161
8,0.1,0.007021866996761653,100000.0,0.007021866996761653,0,-235175169.28613093
8,0.1,0.007021866996761653,1000000.0,0.007021866996761653,0,-238705962.23602697
8,0.1,0.007021866996761653,10000000.0,0.007021866996761653,0,-239107536.36926067
8,0.1,0.007021866996761653,100000000.0,0.007021866996761653,0,-239091346.56343156
8,0.1,0.007021866996761653,1000000000.0,0.007021866996761653,0,-239153410.4049451
8,1.0,0.007021866996761653,1e-09,0.007021866996761653,0,-206175208.40962738
8,1.0,0.007021866996761653,1e-08,0.007021866996761653,0,-206175208.40949562
8,1.0,0.007021866996761653,1e-07,0.007021866996761653,0,-206175208.40817755
8,1.0,0.007021866996761653,1e-06,0.007021866996761653,0,-206175208.39499715
8,1.0,0.007021866996761653,1e-05,0.007021866996761653,0,-206175208.2631915
8,1.0,0.007021866996761653,0.0001,0.007021866996761653,0,-206175206.94513577
8,1.0,0.007021866996761653,0.001,0.007021866996761653,0,-206175046.17927518
8,1.0,0.007021866996761653,0.01,0.007021866996761653,0,-206177918.53862652
8,1.0,0.007021866996761653,0.1,0.007021866996761653,0,-206168961.0289788
8,1.0,0.007021866996761653,1.0,0.007021866996761653,0,-206158030.97589374
8,1.0,0.007021866996761653,10.0,0.007021866996761653,0,-206028698.60623878
8,1.0,0.007021866996761653,100.0,0.007021866996761653,0,-204805079.77414992
8,1.0,0.007021866996761653,1000.0,0.007021866996761653,0,-206050545.12845284
8,1.0,0.007021866996761653,10000.0,0.007021866996761653,0,-219452220.629595
8,1.0,0.007021866996761653,100000.0,0.007021866996761653,0,-235027441.90741494
8,1.0,0.007021866996761653,1000000.0,0.007021866996761653,0,-238560736.3139229
8,1.0,0.007021866996761653,10000000.0,0.007021866996761653,0,-238961412.21930557
8,1.0,0.007021866996761653,100000000.0,0.007021866996761653,0,-238944705.8979626
8,1.0,0.007021866996761653,1000000000.0,0.007021866996761653,0,-239007141.6462636
8,10.0,0.007021866996761653,1e-09,0.007021866996761653,0,-206242135.58661738
8,10.0,0.007021866996761653,1e-08,0.007021866996761653,0,-206242135.5864854
8,10.0,0.007021866996761653,1e-07,0.007021866996761653,0,-206242135.58516607
8,10.0,0.007021866996761653,1e-06,0.007021866996761653,0,-206242135.5719718
8,10.0,0.007021866996761653,1e-05,0.007021866996761653,0,-206242135.44002977
8,10.0,0.007021866996761653,0.0001,0.007021866996761653,0,-206242134.12061378
8,10.0,0.007021866996761653,0.001,0.007021866996761653,0,-206241901.43610656
8,10.0,0.007021866996761653,0.01,0.007021866996761653,0,-206233297.41755584
8,10.0,0.007021866996761653,0.1,0.007021866996761653,0,-206234046.89180508
8,10.0,0.007021866996761653,1.0,0.007021866996761653,0,-206224561.2107997
8,10.0,0.007021866996761653,10.0,0.007021866996761653,0,-206094055.17008337
8,10.0,0.007021866996761653,100.0,0.007021866996761653,0,-204822668.73953873
8,10.0,0.007021866996761653,1000.0,0.007021866996761653,0,-204960189.89908826
8,10.0,0.007021866996761653,10000.0,0.007021866996761653,0,-218202909.6435626
8,10.0,0.007021866996761653,100000.0,0.007021866996761653,0,-233951344.84468403
8,10.0,0.007021866996761653,1000000.0,0.007021866996761653,0,-237501423.1416916
8,10.0,0.007021866996761653,10000000.0,0.007021866996761653,0,-237903509.2012898
8,10.0,0.007021866996761653,100000000.0,0.007021866996761653,0,-237883660.3970715
8,10.0,0.007021866996761653,1000000000.0,0.007021866996761653,0,-237949510.45929164
8,100.0,0.007021866996761653,1e-09,0.007021866996761653,0,-210013088.72421327
8,100.0,0.007021866996761653,1e-08,0.007021866996761653,0,-210013088.7240794
8,100.0,0.007021866996761653,1e-07,0.007021866996761653,0,-210013088.72274178
8,100.0,0.007021866996761653,1e-06,0.007021866996761653,0,-210013088.70937425
8,100.0,0.007021866996761653,1e-05,0.007021866996761653,0,-210013088.57569116
8,100.0,0.007021866996761653,0.0001,0.007021866996761653,0,-210013087.23885947
8,100.0,0.007021866996761653,0.001,0.007021866996761653,0,-210020751.2422821
8,100.0,0.007021866996761653,0.01,0.007021866996761653,0,-210016722.6848003
8,100.0,0.007021866996761653,0.1,0.007021866996761653,0,-210014659.9122624
8,100.0,0.007021866996761653,1.0,0.007021866996761653,0,-210001219.4733798
8,100.0,0.007021866996761653,10.0,0.007021866996761653,0,-209869718.55251998
8,100.0,0.007021866996761653,100.0,0.007021866996761653,0,-208626378.00999054
8,100.0,0.007021866996761653,1000.0,0.007021866996761653,0,-198844585.8510301
8,100.0,0.007021866996761653,10000.0,0.007021866996761653,0,-211809227.02237162
8,100.0,0.007021866996761653,100000.0,0.007021866996761653,0,-227539616.55103335
8,100.0,0.007021866996761653,1000000.0,0.007021866996761653,0,-231399127.81023315
8,100.0,0.007021866996761653,10000000.0,0.007021866996761653,0,-231812998.92102173
8,100.0,0.007021866996761653,100000000.0,0.007021866996761653,0,-231754006.03803384
8,100.0,0.007021866996761653,1000000000.0,0.007021866996761653,0,-231860979.30855227
8,1000.0,0.007021866996761653,1e-09,0.007021866996761653,0,-243693760.67408046
8,1000.0,0.007021866996761653,1e-08,0.007021866996761653,0,-243693760.673942
8,1000.0,0.007021866996761653,1e-07,0.007021866996761653,0,-243693760.67255718
8,1000.0,0.007021866996761653,1e-06,0.007021866996761653,0,-243693760.65870875
8,1000.0,0.007021866996761653,1e-05,0.007021866996761653,0,-243693760.52022558
8,1000.0,0.007021866996761653,0.0001,0.007021866996761653,0,-243693759.1353882
8,1000.0,0.007021866996761653,0.001,0.007021866996761653,0,-243694046.93280533
8,1000.0,0.007021866996761653,0.01,0.007021866996761653,0,-243692435.35425025
8,1000.0,0.007021866996761653,0.1,0.007021866996761653,0,-243691925.5673382
8,1000.0,0.007021866996761653,1.0,0.007021866996761653,0,-243673548.1691938
8,1000.0,0.007021866996761653,10.0,0.007021866996761653,0,-243539379.78612426
8,1000.0,0.007021866996761653,100.0,0.007021866996761653,0,-242252878.17733026
8,1000.0,0.007021866996761653,1000.0,0.007021866996761653,0,-232014744.3500712
8,1000.0,0.007021866996761653,10000.0,0.007021866996761653,0,-190362384.77121654
8,1000.0,0.007021866996761653,100000.0,0.007021866996761653,0,-204917294.36270007
8,1000.0,0.007021866996761653,1000000.0,0.007021866996761653,0,-208848156.0606189
8,1000.0,0.007021866996761653,10000000.0,0.007021866996761653,0,-209277576.5343667
8,1000.0,0.007021866996761653,100000000.0,0.007021866996761653,0,-209317818.71204078
8,1000.0,0.007021866996761653,1000000000.0,0.007021866996761653,0,-209304570.10989526
8,10000.0,0.007021866996761653,1e-09,0.007021866996761653,0,-308420370.43840075
8,10000.0,0.007021866996761653,1e-08,0.007021866996761653,0,-308420370.43825996
8,10000.0,0.007021866996761653,1e-07,0.007021866996761653,0,-308420370.4368488
8,10000.0,0.007021866996761653,1e-06,0.007021866996761653,0,-308420370.422737
8,10000.0,0.007021866996761653,1e-05,0.007021866996761653,0,-308420370.2816189
8,10000.0,0.007021866996761653,0.0001,0.007021866996761653,0,-308420368.8704372
8,10000.0,0.007021866996761653,0.001,0.007021866996761653,0,-308419486.5583926
8,10000.0,0.007021866996761653,0.01,0.007021866996761653,0,-308417998.75048506
8,10000.0,0.007021866996761653,0.1,0.007021866996761653,0,-308418093.4356621
8,10000.0,0.007021866996761653,1.0,0.007021866996761653,0,-308406907.54549193
8,10000.0,0.007021866996761653,10.0,0.007021866996761653,0,-308260509.61995256
8,10000.0,0.007021866996761653,100.0,0.007021866996761653,0,-306946650.60054386
8,10000.0,0.007021866996761653,1000.0,0.007021866996761653,0,-296446874.51800877
8,10000.0,0.007021866996761653,10000.0,0.007021866996761653,0,-247164395.96257526
8,10000.0,0.007021866996761653,100000.0,0.007021866996761653,0,-148736198.99730974
8,10000.0,0.007021866996761653,1000000.0,0.007021866996761653,0,-154977712.3271808
8,10000.0,0.007021866996761653,10000000.0,0.007021866996761653,0,-155581956.68785295
8,10000.0,0.007021866996761653,100000000.0,0.007021866996761653,0,-155666393.61323878
8,10000.0,0.007021866996761653,1000000000.0,0.007021866996761653,0,-155670298.77413303
8,100000.0,0.007021866996761653,1e-09,0.007021866996761653,0,-350318383.81401914
8,100000.0,0.007021866996761653,1e-08,0.007021866996761653,0,-350318383.8138777
8,100000.0,0.007021866996761653,1e-07,0.007021866996761653,0,-350318383.8124625
8,100000.0,0.007021866996761653,1e-06,0.007021866996761653,0,-350318383.79830754
8,100000.0,0.007021866996761653,1e-05,0.007021866996761653,0,-350318383.6567623
8,100000.0,0.007021866996761653,0.0001,0.007021866996761653,0,-350317447.47374463
8,100000.0,0.007021866996761653,0.001,0.007021866996761653,0,-350323779.63198495
8,100000.0,0.007021866996761653,0.01,0.007021866996761653,0,-350318330.4237523
8,100000.0,0.007021866996761653,0.1,0.007021866996761653,0,-350317458.6125692
8,100000.0,0.007021866996761653,1.0,0.007021866996761653,0,-350305015.71762913
8,100000.0,0.007021866996761653,10.0,0.007021866996761653,0,-350165343.9585325
8,100000.0,0.007021866996761653,100.0,0.007021866996761653,0,-348842023.18088275
8,100000.0,0.007021866996761653,1000.0,0.007021866996761653,0,-338299995.0860309
8,100000.0,0.007021866996761653,10000.0,0.007021866996761653,0,-288624829.129085
8,100000.0,0.007021866996761653,100000.0,0.007021866996761653,0,-182588743.6642355
8,100000.0,0.007021866996761653,1000000.0,0.007021866996761653,0,-85574465.51994719
8,100000.0,0.007021866996761653,10000000.0,0.007021866996761653,0,-87346547.61554553
8,100000.0,0.007021866996761653,100000000.0,0.007021866996761653,0,-87304054.25529832
8,100000.0,0.007021866996761653,1000000000.0,0.007021866996761653,0,-87453985.37462819
8,1000000.0,0.007021866996761653,1e-09,0.007021866996761653,0,-363275013.97133255
8,1000000.0,0.007021866996761653,1e-08,0.007021866996761653,0,-363275013.9711909
8,1000000.0,0.007021866996761653,1e-07,0.007021866996761653,0,-363275013.9697746
8,1000000.0,0.007021866996761653,1e-06,0.007021866996761653,0,-363278796.94555277
8,1000000.0,0.007021866996761653,1e-05,0.007021866996761653,0,-363278796.8039603
8,1000000.0,0.007021866996761653,0.0001,0.007021866996761653,0,-363278795.38803476
8,1000000.0,0.007021866996761653,0.001,0.007021866996761653,0,-363279699.5908963
8,1000000.0,0.007021866996761653,0.01,0.007021866996761653,0,-363275859.29987633
8,1000000.0,0.007021866996761653,0.1,0.007021866996761653,0,-363274387.1731195
8,1000000.0,0.007021866996761653,1.0,0.007021866996761653,0,-363261460.187307
8,1000000.0,0.007021866996761653,10.0,0.007021866996761653,0,-363122230.5924495
8,1000000.0,0.007021866996761653,100.0,0.007021866996761653,0,-361799950.9156183
8,1000000.0,0.007021866996761653,1000.0,0.007021866996761653,0,-351252665.69813687
8,1000000.0,0.007021866996761653,10000.0,0.007021866996761653,0,-301534044.4481213
8,1000000.0,0.007021866996761653,100000.0,0.007021866996761653,0,-195093052.53095028
8,1000000.0,0.007021866996761653,1000000.0,0.007021866996761653,0,-92836967.36376262
8,1000000.0,0.007021866996761653,10000000.0,0.007021866996761653,0,-290161920.8580821
8,1000000.0,0.007021866996761653,100000000.0,0.007021866996761653,0,-271288854.7130711
8,1000000.0,0.007021866996761653,1000000000.0,0.007021866996761653,0,-270760379.9072471
8,10000000.0,0.007021866996761653,1e-09,0.007021866996761653,0,-365879354.64659613
8,10000000.0,0.007021866996761653,1e-08,0.007021866996761653,0,-365883191.2867211
8,10000000.0,0.007021866996761653,1e-07,0.007021866996761653,0,-365883191.28530514
8,10000000.0,0.007021866996761653,1e-06,0.007021866996761653,0,-365883191.27114546
8,10000000.0,0.007021866996761653,1e-05,0.007021866996761653,0,-365883191.12954825
8,10000000.0,0.007021866996761653,0.0001,0.007021866996761653,0,-365883189.7135777
8,10000000.0,0.007021866996761653,0.001,0.007021866996761653,0,-365884054.8545267
8,10000000.0,0.007021866996761653,0.01,0.007021866996761653,0,-365879972.11781645
8,10000000.0,0.007021866996761653,0.1,0.007021866996761653,0,-365878936.4037506
8,10000000.0,0.007021866996761653,1.0,0.007021866996761653,0,-365865680.867287
8,10000000.0,0.007021866996761653,10.0,0.007021866996761653,0,-365725970.0783283
8,10000000.0,0.007021866996761653,100.0,0.007021866996761653,0,-364404630.64077234
8,10000000.0,0.007021866996761653,1000.0,0.007021866996761653,0,-353856031.3055365
8,10000000.0,0.007021866996761653,10000.0,0.007021866996761653,0,-304133302.9914403
8,10000000.0,0.007021866996761653,100000.0,0.007021866996761653,0,-197651202.21819428
8,10000000.0,0.007021866996761653,1000000.0,0.007021866996761653,0,-94995944.31926593
8,10000000.0,0.007021866996761653,10000000.0,0.007021866996761653,0,-310897804.6560223
8,10000000.0,0.007021866996761653,100000000.0,0.007021866996761653,0,-3519596302.7390995
8,10000000.0,0.007021866996761653,1000000000.0,0.007021866996761653,0,-3351717257.009744
8,100000000.0,0.007021866996761653,1e-09,0.007021866996761653,0,-366901420.45689017
8,100000000.0,0.007021866996761653,1e-08,0.007021866996761653,0,-366901420.45674855
8,100000000.0,0.007021866996761653,1e-07,0.007021866996761653,0,-366901420.4553326
8,100000000.0,0.007021866996761653,1e-06,0.007021866996761653,0,-366901420.4411728
8,100000000.0,0.007021866996761653,1e-05,0.007021866996761653,0,-366901420.2995751
8,100000000.0,0.007021866996761653,0.0001,0.007021866996761653,0,-366901418.8835991
8,100000000.0,0.007021866996761653,0.001,0.007021866996761653,0,-366902255.24380946
8,100000000.0,0.007021866996761653,0.01,0.007021866996761653,0,-366898395.26560265
8,100000000.0,0.007021866996761653,0.1,0.007021866996761653,0,-366897240.1712436
8,100000000.0,0.007021866996761653,1.0,0.007021866996761653,0,-366883959.5695461
8,100000000.0,0.007021866996761653,10.0,0.007021866996761653,0,-366744316.6243702
8,100000000.0,0.007021866996761653,100.0,0.007021866996761653,0,-365422905.5870891
8,100000000.0,0.007021866996761653,1000.0,0.007021866996761653,0,-354874411.93176085
8,100000000.0,0.007021866996761653,10000.0,0.007021866996761653,0,-305151396.06293124
8,100000000.0,0.007021866996761653,100000.0,0.007021866996761653,0,-198665032.15109813
8,100000000.0,0.007021866996761653,1000000.0,0.007021866996761653,0,-95969694.88139433
8,100000000.0,0.007021866996761653,10000000.0,0.007021866996761653,0,-311465952.21222395
8,100000000.0,0.007021866996761653,100000000.0,0.007021866996761653,0,-3758907692.159809
8,100000000.0,0.007021866996761653,1000000000.0,0.007021866996761653,0,-37101477756.26324
8,1000000000.0,0.007021866996761653,1e-09,0.007021866996761653,0,-367749761.56428427
8,1000000000.0,0.007021866996761653,1e-08,0.007021866996761653,0,-367749761.5641427
8,1000000000.0,0.007021866996761653,1e-07,0.007021866996761653,0,-367749761.5627267
8,1000000000.0,0.007021866996761653,1e-06,0.007021866996761653,0,-367749761.548567
8,1000000000.0,0.007021866996761653,1e-05,0.007021866996761653,0,-367749761.4069692
8,1000000000.0,0.007021866996761653,0.0001,0.007021866996761653,0,-367749759.99099255
8,1000000000.0,0.007021866996761653,0.001,0.007021866996761653,0,-367750631.212923
8,1000000000.0,0.007021866996761653,0.01,0.007021866996761653,0,-367746719.91354185
8,1000000000.0,0.007021866996761653,0.1,0.007021866996761653,0,-367745660.4986484
8,1000000000.0,0.007021866996761653,1.0,0.007021866996761653,0,-367732420.4056447
8,1000000000.0,0.007021866996761653,10.0,0.007021866996761653,0,-367592770.51625776
8,1000000000.0,0.007021866996761653,100.0,0.007021866996761653,0,-366271290.8208674
8,1000000000.0,0.007021866996761653,1000.0,0.007021866996761653,0,-355722828.4016422
8,1000000000.0,0.007021866996761653,10000.0,0.007021866996761653,0,-305999756.7454039
8,1000000000.0,0.007021866996761653,100000.0,0.007021866996761653,0,-199512995.22921917
8,1000000000.0,0.007021866996761653,1000000.0,0.007021866996761653,0,-96813680.96048045
8,1000000000.0,0.007021866996761653,10000000.0,0.007021866996761653,0,-312269328.22869474
8,1000000000.0,0.007021866996761653,100000000.0,0.007021866996761653,0,-3759238496.428517
8,1000000000.0,0.007021866996761653,1000000000.0,0.007021866996761653,0,-39526686855.79099
8,1e-09,0.007021866996761653,1e-09,0.007021866996761653,1,-206218423.6402934
8,1e-09,0.007021866996761653,1e-08,0.007021866996761653,1,-206218423.6401627
8,1e-09,0.007021866996761653,1e-07,0.007021866996761653,1,-206218423.6388573
8,1e-09,0.007021866996761653,1e-06,0.007021866996761653,1,-206218423.62580237
8,1e-09,0.007021866996761653,1e-05,0.007021866996761653,1,-206218423.4952519
8,1e-09,0.007021866996761653,0.0001,0.007021866996761653,1,-206218422.18974295
8,1e-09,0.007021866996761653,0.001,0.007021866996761653,1,-206219904.1492673
8,1e-09,0.007021866996761653,0.01,0.007021866996761653,1,-206216260.5296173
8,1e-09,0.007021866996761653,0.1,0.007021866996761653,1,-206217091.850553
8,1e-09,0.007021866996761653,1.0,0.007021866996761653,1,-206202606.3506883
8,1e-09,0.007021866996761653,10.0,0.007021866996761653,1,-206079137.46405125
8,1e-09,0.007021866996761653,100.0,0.007021866996761653,1,-204851173.20396852
8,1e-09,0.007021866996761653,1000.0,0.007021866996761653,1,-206172326.86634824
8,1e-09,0.007021866996761653,10000.0,0.007021866996761653,1,-219648020.64012107
8,1e-09,0.007021866996761653,100000.0,0.007021866996761653,1,-235199430.105706
8,1e-09,0.007021866996761653,1000000.0,0.007021866996761653,1,-238730542.10779804
8,1e-09,0.007021866996761653,10000000.0,0.007021866996761653,1,-239131862.85840902
8,1e-09,0.007021866996761653,100000000.0,0.007021866996761653,1,-239115643.50722453
8,1e-09,0.007021866996761653,1000000000.0,0.007021866996761653,1,-239178093.77613646
8,1e-08,0.007021866996761653,1e-09,0.007021866996761653,1,-206218423.6390007
8,1e-08,0.007021866996761653,1e-08,0.007021866996761653,1,-206218423.63887024
8,1e-08,0.007021866996761653,1e-07,0.007021866996761653,1,-206218423.63756448
8,1e-08,0.007021866996761653,1e-06,0.007021866996761653,1,-206218423.6245096
8,1e-08,0.007021866996761653,1e-05,0.007021866996761653,1,-206218423.49395874
8,1e-08,0.007021866996761653,0.0001,0.007021866996761653,1,-206218422.18845016
8,1e-08,0.007021866996761653,0.001,0.007021866996761653,1,-206219904.14802244
8,1e-08,0.007021866996761653,0.01,0.007021866996761653,1,-206216260.52858245
8,1e-08,0.007021866996761653,0.1,0.007021866996761653,1,-206217091.84924895
8,1e-08,0.007021866996761653,1.0,0.007021866996761653,1,-206202606.34955913
8,1e-08,0.007021866996761653,10.0,0.007021866996761653,1,-206079137.46279618
8,1e-08,0.007021866996761653,100.0,0.007021866996761653,1,-204851173.2027703
8,1e-08,0.007021866996761653,1000.0,0.007021866996761653,1,-206172326.86305264
8,1e-08,0.007021866996761653,10000.0,0.007021866996761653,1,-219648020.63743466
8,1e-08,0.007021866996761653,100000.0,0.007021866996761653,1,-235199430.10328913
8,1e-08,0.007021866996761653,1000000.0,0.007021866996761653,1,-238730542.10539687
8,1e-08,0.007021866996761653,10000000.0,0.007021866996761653,1,-239134487.38742357
8,1e-08,0.007021866996761653,100000000.0,0.007021866996761653,1,-239118258.99690416
8,1e-08,0.007021866996761653,1000000000.0,0.007021866996761653,1,-239178093.77384642
8,1e-07,0.007021866996761653,1e-09,0.007021866996761653,1,-206218423.62607244
8,1e-07,0.007021866996761653,1e-08,0.007021866996761653,1,-206218423.62594193
8,1e-07,0.007021866996761653,1e-07,0.007021866996761653,1,-206218423.6246364
8,1e-07,0.007021866996761653,1e-06,0.007021866996761653,1,-206218423.6115811
8,1e-07,0.007021866996761653,1e-05,0.007021866996761653,1,-206218423.48103058
8,1e-07,0.007021866996761653,0.0001,0.007021866996761653,1,-206218422.17552215
8,1e-07,0.007021866996761653,0.001,0.007021866996761653,1,-206219904.13557458
8,1e-07,0.007021866996761653,0.01,0.007021866996761653,1,-206216260.5182313
8,1e-07,0.007021866996761653,0.1,0.007021866996761653,1,-206217091.8362067
8,1e-07,0.007021866996761653,1.0,0.007021866996761653,1,-206202606.33826318
8,1e-07,0.007021866996761653,10.0,0.007021866996761653,1,-206079137.45024148
8,1e-07,0.007021866996761653,100.0,0.007021866996761653,1,-204851173.19078746
8,1e-07,0.007021866996761653,1000.0,0.007021866996761653,1,-206172326.8300985
8,1e-07,0.007021866996761653,10000.0,0.007021866996761653,1,-219648020.6105693
8,1e-07,0.007021866996761653,100000.0,0.007021866996761653,1,-235203146.7140373
8,1e-07,0.007021866996761653,1000000.0,0.007021866996761653,1,-238733389.79398853
8,1e-07,0.007021866996761653,10000000.0,0.007021866996761653,1,-239132140.37740973
8,1e-07,0.007021866996761653,100000000.0,0.007021866996761653,1,-239115970.85460326
8,1e-07,0.007021866996761653,1000000000.0,0.007021866996761653,1,-239178093.75094616
8,1e-06,0.007021866996761653,1e-09,0.007021866996761653,1,-206218423.49873024
8,1e-06,0.007021866996761653,1e-08,0.007021866996761653,1,-206218423.49859965
8,1e-06,0.007021866996761653,1e-07,0.007021866996761653,1,-206218423.49729407
8,1e-06,0.007021866996761653,1e-06,0.007021866996761653,1,-206218423.48423925
8,1e-06,0.007021866996761653,1e-05,0.007021866996761653,1,-206218423.3536884
8,1e-06,0.007021866996761653,0.0001,0.007021866996761653,1,-206218422.04817948
8,1e-06,0.007021866996761653,0.001,0.007021866996761653,1,-206219904.01109707
8,1e-06,0.007021866996761653,0.01,0.007021866996761653,1,-206216260.22936618
8,1e-06,0.007021866996761653,0.1,0.007021866996761653,1,-206226398.15880677
8,1e-06,0.007021866996761653,1.0,0.007021866996761653,1,-206202606.22530875
8,1e-06,0.007021866996761653,10.0,0.007021866996761653,1,-206079137.32469714
8,1e-06,0.007021866996761653,100.0,0.007021866996761653,1,-204851173.07096153
8,1e-06,0.007021866996761653,1000.0,0.007021866996761653,1,-206172326.50024578
8,1e-06,0.007021866996761653,10000.0,0.007021866996761653,1,-219648020.34191793
8,1e-06,0.007021866996761653,100000.0,0.007021866996761653,1,-235202116.0949762
8,1e-06,0.007021866996761653,1000000.0,0.007021866996761653,1,-238731150.05916092
8,1e-06,0.007021866996761653,10000000.0,0.007021866996761653,1,-239132140.14839247
8,1e-06,0.007021866996761653,100000000.0,0.007021866996761653,1,-239115970.62527066
8,1e-06,0.007021866996761653,1000000000.0,0.007021866996761653,1,-239178093.52194455
8,1e-05,0.007021866996761653,1e-09,0.007021866996761653,1,-206218123.5157092
8,1e-05,0.007021866996761653,1e-08,0.007021866996761653,1,-206218123.51557866
8,1e-05,0.007021866996761653,1e-07,0.007021866996761653,1,-206218123.51427236
8,1e-05,0.007021866996761653,1e-06,0.007021866996761653,1,-206218123.50121063
8,1e-05,0.007021866996761653,1e-05,0.007021866996761653,1,-206218123.37059236
8,1e-05,0.007021866996761653,0.0001,0.007021866996761653,1,-206218122.06440747
8,1e-05,0.007021866996761653,0.001,0.007021866996761653,1,-206220861.81346068
8,1e-05,0.007021866996761653,0.01,0.007021866996761653,1,-206216259.19435418
8,1e-05,0.007021866996761653,0.1,0.007021866996761653,1,-206223261.54390126
8,1e-05,0.007021866996761653,1.0,0.007021866996761653,1,-206202593.91801292
8,1e-05,0.007021866996761653,10.0,0.007021866996761653,1,-206079102.38200396
8,1e-05,0.007021866996761653,100.0,0.007021866996761653,1,-204851166.9711731
8,1e-05,0.007021866996761653,1000.0,0.007021866996761653,1,-206167510.45117345
8,1e-05,0.007021866996761653,10000.0,0.007021866996761653,1,-219645727.68668592
8,1e-05,0.007021866996761653,100000.0,0.007021866996761653,1,-235198800.55474067
8,1e-05,0.007021866996761653,1000000.0,0.007021866996761653,1,-238731123.0732321
8,1e-05,0.007021866996761653,10000000.0,0.007021866996761653,1,-239132112.10746604
8,1e-05,0.007021866996761653,100000000.0,0.007021866996761653,1,-239115941.6598722
8,1e-05,0.007021866996761653,1000000000.0,0.007021866996761653,1,-239178065.3088882
8,0.0001,0.007021866996761653,1e-09,0.007021866996761653,1,-206220976.81697747
8,0.0001,0.007021866996761653,1e-08,0.007021866996761653,1,-206220976.81684697
8,0.0001,0.007021866996761653,1e-07,0.007021866996761653,1,-206220976.81554052
8,0.0001,0.007021866996761653,1e-06,0.007021866996761653,1,-206220976.8024773
8,0.0001,0.007021866996761653,1e-05,0.007021866996761653,1,-206220976.67184448
8,0.0001,0.007021866996761653,0.0001,0.007021866996761653,1,-206220975.36564216
8,0.0001,0.007021866996761653,0.001,0.007021866996761653,1,-206220559.6924142
8,0.0001,0.007021866996761653,0.01,0.007021866996761653,1,-206218326.69313526
8,0.0001,0.007021866996761653,0.1,0.007021866996761653,1,-206216840.53761688
8,0.0001,0.007021866996761653,1.0,0.007021866996761653,1,-206201477.10975146
8,0.0001,0.007021866996761653,10.0,0.007021866996761653,1,-206075259.38167024
8,0.0001,0.007021866996761653,100.0,0.007021866996761653,1,-204849078.91913816
8,0.0001,0.007021866996761653,1000.0,0.007021866996761653,1,-206169015.77255052
8,0.0001,0.007021866996761653,10000.0,0.007021866996761653,1,-219642055.04747504
8,0.0001,0.007021866996761653,100000.0,0.007021866996761653,1,-235204075.9125697
8,0.0001,0.007021866996761653,1000000.0,0.007021866996761653,1,-238736660.19138113
8,0.0001,0.007021866996761653,10000000.0,0.007021866996761653,1,-239137801.26842603
8,0.0001,0.007021866996761653,100000000.0,0.007021866996761653,1,-239121607.00176325
8,0.0001,0.007021866996761653,1000000000.0,0.007021866996761653,1,-239183668.9710881
8,0.001,0.007021866996761653,1e-09,0.007021866996761653,1,-206214855.0114937
8,0.001,0.007021866996761653,1e-08,0.007021866996761653,1,-206214855.01136285
8,0.001,0.007021866996761653,1e-07,0.007021866996761653,1,-206214855.0100528
8,0.001,0.007021866996761653,1e-06,0.007021866996761653,1,-206214854.99695393
8,0.001,0.007021866996761653,1e-05,0.007021866996761653,1,-206214854.8659637
8,0.001,0.007021866996761653,0.0001,0.007021866996761653,1,-206214853.55606678
8,0.001,0.007021866996761653,0.001,0.007021866996761653,1,-206219991.62532872
8,0.001,0.007021866996761653,0.01,0.007021866996761653,1,-206225167.6136988
8,0.001,0.007021866996761653,0.1,0.007021866996761653,1,-206220461.32851857
8,0.001,0.007021866996761653,1.0,0.007021866996761653,1,-206204967.13461214
8,0.001,0.007021866996761653,10.0,0.007021866996761653,1,-206079627.37327525
8,0.001,0.007021866996761653,100.0,0.007021866996761653,1,-204847796.53326756
8,0.001,0.007021866996761653,1000.0,0.007021866996761653,1,-206168445.4874589
8,0.001,0.007021866996761653,10000.0,0.007021866996761653,1,-219644471.55399448
8,0.001,0.007021866996761653,100000.0,0.007021866996761653,1,-235203511.98255718
8,0.001,0.007021866996761653,1000000.0,0.007021866996761653,1,-238735491.46577075
8,0.001,0.007021866996761653,10000000.0,0.007021866996761653,1,-239135760.41154483
8,0.001,0.007021866996761653,100000000.0,0.007021866996761653,1,-239119560.7398643
8,0.001,0.007021866996761653,1000000000.0,0.007021866996761653,1,-239181671.80829933
8,0.01,0.007021866996761653,1e-09,0.007021866996761653,1,-206221568.95977578
8,0.01,0.007021866996761653,1e-08,0.007021866996761653,1,-206221568.95964333
8,0.01,0.007021866996761653,1e-07,0.007021866996761653,1,-206221568.95832023
8,0.01,0.007021866996761653,1e-06,0.007021866996761653,1,-206221568.94508538
8,0.01,0.007021866996761653,1e-05,0.007021866996761653,1,-206221568.81273988
8,0.01,0.007021866996761653,0.0001,0.007021866996761653,1,-206221572.2505399
8,0.01,0.007021866996761653,0.001,0.007021866996761653,1,-206220156.42126244
8,0.01,0.007021866996761653,0.01,0.007021866996761653,1,-206223458.7397485
8,0.01,0.007021866996761653,0.1,0.007021866996761653,1,-206218737.308939
8,0.01,0.007021866996761653,1.0,0.007021866996761653,1,-206207037.972412
8,0.01,0.007021866996761653,10.0,0.007021866996761653,1,-206074212.84618258
8,0.01,0.007021866996761653,100.0,0.007021866996761653,1,-204848862.4539882
8,0.01,0.007021866996761653,1000.0,0.007021866996761653,1,-206173425.8666796
8,0.01,0.007021866996761653,10000.0,0.007021866996761653,1,-219645159.37264994
8,0.01,0.007021866996761653,100000.0,0.007021866996761653,1,-235202801.1737542
8,0.01,0.007021866996761653,1000000.0,0.007021866996761653,1,-238733730.60795823
8,0.01,0.007021866996761653,10000000.0,0.007021866996761653,1,-239134874.05115137
8,0.01,0.007021866996761653,100000000.0,0.007021866996761653,1,-239118335.25776014
8,0.01,0.007021866996761653,1000000000.0,0.007021866996761653,1,-239180355.90418756
8,0.1,0.007021866996761653,1e-09,0.007021866996761653,1,-206217144.9552553
8,0.1,0.007021866996761653,1e-08,0.007021866996761653,1,-206217144.9551237
8,0.1,0.007021866996761653,1e-07,0.007021866996761653,1,-206217144.95380434
8,0.1,0.007021866996761653,1e-06,0.007021866996761653,1,-206217144.94061524
8,0.1,0.007021866996761653,1e-05,0.007021866996761653,1,-206217144.8087228
8,0.1,0.007021866996761653,0.0001,0.007021866996761653,1,-206217252.27326402
8,0.1,0.007021866996761653,0.001,0.007021866996761653,1,-206217009.6410825
8,0.1,0.007021866996761653,0.01,0.007021866996761653,1,-206212034.20542663
8,0.1,0.007021866996761653,0.1,0.007021866996761653,1,-206213440.39011258
8,0.1,0.007021866996761653,1.0,0.007021866996761653,1,-206196550.4943119
8,0.1,0.007021866996761653,10.0,0.007021866996761653,1,-206068955.49804655
8,0.1,0.007021866996761653,100.0,0.007021866996761653,1,-204843111.8683999
8,0.1,0.007021866996761653,1000.0,0.007021866996761653,1,-206143831.93387774
8,0.1,0.007021866996761653,10000.0,0.007021866996761653,1,-219615677.0358997
8,0.1,0.007021866996761653,100000.0,0.007021866996761653,1,-235177135.69907883
8,0.1,0.007021866996761653,1000000.0,0.007021866996761653,1,-238709815.09867674
8,0.1,0.007021866996761653,10000000.0,0.007021866996761653,1,-239110940.92149138
8,0.1,0.007021866996761653,100000000.0,0.007021866996761653,1,-239094586.5683981
8,0.1,0.007021866996761653,1000000000.0,0.007021866996761653,1,-239156676.96555054
8,1.0,0.007021866996761653,1e-09,0.007021866996761653,1,-206170719.5036798
8,1.0,0.007021866996761653,1e-08,0.007021866996761653,1,-206170719.50354803
8,1.0,0.007021866996761653,1e-07,0.007021866996761653,1,-206170719.5022295
8,1.0,0.007021866996761653,1e-06,0.007021866996761653,1,-206170719.48904476
8,1.0,0.007021866996761653,1e-05,0.007021866996761653,1,-206170719.35719725
8,1.0,0.007021866996761653,0.0001,0.007021866996761653,1,-206170718.03875065
8,1.0,0.007021866996761653,0.001,0.007021866996761653,1,-206170782.84094688
8,1.0,0.007021866996761653,0.01,0.007021866996761653,1,-206168859.27258644
8,1.0,0.007021866996761653,0.1,0.007021866996761653,1,-206171452.88653266
8,1.0,0.007021866996761653,1.0,0.007021866996761653,1,-206155404.62711525
8,1.0,0.007021866996761653,10.0,0.007021866996761653,1,-206031110.9324985
8,1.0,0.007021866996761653,100.0,0.007021866996761653,1,-204803970.55911803
8,1.0,0.007021866996761653,1000.0,0.007021866996761653,1,-206056659.65304407
8,1.0,0.007021866996761653,10000.0,0.007021866996761653,1,-219455123.61279407
8,1.0,0.007021866996761653,100000.0,0.007021866996761653,1,-235029779.28723237
8,1.0,0.007021866996761653,1000000.0,0.007021866996761653,1,-238562873.64508
8,1.0,0.007021866996761653,10000000.0,0.007021866996761653,1,-238964307.49776983
8,1.0,0.007021866996761653,100000000.0,0.007021866996761653,1,-238947679.74891704
8,1.0,0.007021866996761653,1000000000.0,0.007021866996761653,1,-239010042.91771552
8,10.0,0.007021866996761653,1e-09,0.007021866996761653,1,-206238340.74181944
8,10.0,0.007021866996761653,1e-08,0.007021866996761653,1,-206238340.7416876
8,10.0,0.007021866996761653,1e-07,0.007021866996761653,1,-206238340.7403681
8,10.0,0.007021866996761653,1e-06,0.007021866996761653,1,-206238340.7271766
8,10.0,0.007021866996761653,1e-05,0.007021866996761653,1,-206238340.59526008
8,10.0,0.007021866996761653,0.0001,0.007021866996761653,1,-206238339.27609855
8,10.0,0.007021866996761653,0.001,0.007021866996761653,1,-206238326.11268878
8,10.0,0.007021866996761653,0.01,0.007021866996761653,1,-206237913.92571113
8,10.0,0.007021866996761653,0.1,0.007021866996761653,1,-206233075.8832613
8,10.0,0.007021866996761653,1.0,0.007021866996761653,1,-206222539.36086133
8,10.0,0.007021866996761653,10.0,0.007021866996761653,1,-206091600.8939622
8,10.0,0.007021866996761653,100.0,0.007021866996761653,1,-204821877.0007693
8,10.0,0.007021866996761653,1000.0,0.007021866996761653,1,-204961058.94858754
8,10.0,0.007021866996761653,10000.0,0.007021866996761653,1,-218204135.13143525
8,10.0,0.007021866996761653,100000.0,0.007021866996761653,1,-233950859.04250565
8,10.0,0.007021866996761653,1000000.0,0.007021866996761653,1,-237500847.26427236
8,10.0,0.007021866996761653,10000000.0,0.007021866996761653,1,-237902661.85077727
8,10.0,0.007021866996761653,100000000.0,0.007021866996761653,1,-237882892.63103977
8,10.0,0.007021866996761653,1000000000.0,0.007021866996761653,1,-237948742.47409403
8,100.0,0.007021866996761653,1e-09,0.007021866996761653,1,-210020143.1523978
8,100.0,0.007021866996761653,1e-08,0.007021866996761653,1,-210020143.1522637
8,100.0,0.007021866996761653,1e-07,0.007021866996761653,1,-210020143.1509265
8,100.0,0.007021866996761653,1e-06,0.007021866996761653,1,-210020143.1375556
8,100.0,0.007021866996761653,1e-05,0.007021866996761653,1,-210020143.00384492
8,100.0,0.007021866996761653,0.0001,0.007021866996761653,1,-210020141.66673645
8,100.0,0.007021866996761653,0.001,0.007021866996761653,1,-210020128.29579958
8,100.0,0.007021866996761653,0.01,0.007021866996761653,1,-210015194.36409053
8,100.0,0.007021866996761653,0.1,0.007021866996761653,1,-210014432.80459374
8,100.0,0.007021866996761653,1.0,0.007021866996761653,1,-210003578.04105744
8,100.0,0.007021866996761653,10.0,0.007021866996761653,1,-209869220.74222112
8,100.0,0.007021866996761653,100.0,0.007021866996761653,1,-208630969.5290524
8,100.0,0.007021866996761653,1000.0,0.007021866996761653,1,-198843028.6089007
8,100.0,0.007021866996761653,10000.0,0.007021866996761653,1,-211809150.7668163
8,100.0,0.007021866996761653,100000.0,0.007021866996761653,1,-227540831.14731392
8,100.0,0.007021866996761653,1000000.0,0.007021866996761653,1,-231400824.58680686
8,100.0,0.007021866996761653,10000000.0,0.007021866996761653,1,-231813898.0310169
8,100.0,0.007021866996761653,100000000.0,0.007021866996761653,1,-231755098.5123355
8,100.0,0.007021866996761653,1000000000.0,0.007021866996761653,1,-231862106.895676
8,1000.0,0.007021866996761653,1e-09,0.007021866996761653,1,-243695820.71534362
8,1000.0,0.007021866996761653,1e-08,0.007021866996761653,1,-243695820.7152055
8,1000.0,0.007021866996761653,1e-07,0.007021866996761653,1,-243695820.71382046
8,1000.0,0.007021866996761653,1e-06,0.007021866996761653,1,-243695820.6999749
8,1000.0,0.007021866996761653,1e-05,0.007021866996761653,1,-243695820.5615173
8,1000.0,0.007021866996761653,0.0001,0.007021866996761653,1,-243695819.17694443
8,1000.0,0.007021866996761653,0.001,0.007021866996761653,1,-243694231.40156633
8,1000.0,0.007021866996761653,0.01,0.007021866996761653,1,-243693834.51892373
8,1000.0,0.007021866996761653,0.1,0.007021866996761653,1,-243695005.477802
8,1000.0,0.007021866996761653,1.0,0.007021866996761653,1,-243677887.53065008
8,1000.0,0.007021866996761653,10.0,0.007021866996761653,1,-243543875.39182782
8,1000.0,0.007021866996761653,100.0,0.007021866996761653,1,-242256922.86515048
8,1000.0,0.007021866996761653,1000.0,0.007021866996761653,1,-232016036.85662693
8,1000.0,0.007021866996761653,10000.0,0.007021866996761653,1,-190368098.38939086
8,1000.0,0.007021866996761653,100000.0,0.007021866996761653,1,-204924201.95178008
8,1000.0,0.007021866996761653,1000000.0,0.007021866996761653,1,-208855809.77104068
8,1000.0,0.007021866996761653,10000000.0,0.007021866996761653,1,-209285517.60177082
8,1000.0,0.007021866996761653,100000000.0,0.007021866996761653,1,-209325494.63542908
8,1000.0,0.007021866996761653,1000000000.0,0.007021866996761653,1,-209312209.06505042
8,10000.0,0.007021866996761653,1e-09,0.007021866996761653,1,-308417897.28790414
8,10000.0,0.007021866996761653,1e-08,0.007021866996761653,1,-308417897.2877628
8,10000.0,0.007021866996761653,1e-07,0.007021866996761653,1,-308417897.28635174
8,10000.0,0.007021866996761653,1e-06,0.007021866996761653,1,-308417897.2722389
8,10000.0,0.007021866996761653,1e-05,0.007021866996761653,1,-308417897.13111335
8,10000.0,0.007021866996761653,0.0001,0.007021866996761653,1,-308419501.1950121
8,10000.0,0.007021866996761653,0.001,0.007021866996761653,1,-308422540.6451041
8,10000.0,0.007021866996761653,0.01,0.007021866996761653,1,-308421657.7735217
8,10000.0,0.007021866996761653,0.1,0.007021866996761653,1,-308418314.51471907
8,10000.0,0.007021866996761653,1.0,0.007021866996761653,1,-308404398.29252505
8,10000.0,0.007021866996761653,10.0,0.007021866996761653,1,-308267947.6043694
8,10000.0,0.007021866996761653,100.0,0.007021866996761653,1,-306947977.6380776
8,10000.0,0.007021866996761653,1000.0,0.007021866996761653,1,-296447783.91035753
8,10000.0,0.007021866996761653,10000.0,0.007021866996761653,1,-247166335.6203928
8,10000.0,0.007021866996761653,100000.0,0.007021866996761653,1,-148738552.6342631
8,10000.0,0.007021866996761653,1000000.0,0.007021866996761653,1,-154979617.73523906
8,10000.0,0.007021866996761653,10000000.0,0.007021866996761653,1,-155583305.56456056
8,10000.0,0.007021866996761653,100000000.0,0.007021866996761653,1,-155667222.38316837
8,10000.0,0.007021866996761653,1000000000.0,0.007021866996761653,1,-155671097.33558473
8,100000.0,0.007021866996761653,1e-09,0.007021866996761653,1,-350321094.5870644
8,100000.0,0.007021866996761653,1e-08,0.007021866996761653,1,-350321094.58692294
8,100000.0,0.007021866996761653,1e-07,0.007021866996761653,1,-350321094.58550847
8,100000.0,0.007021866996761653,1e-06,0.007021866996761653,1,-350321094.57136077
8,100000.0,0.007021866996761653,1e-05,0.007021866996761653,1,-350321094.42988545
8,100000.0,0.007021866996761653,0.0001,0.007021866996761653,1,-350321093.0151338
8,100000.0,0.007021866996761653,0.001,0.007021866996761653,1,-350324628.22043914
8,100000.0,0.007021866996761653,0.01,0.007021866996761653,1,-350322431.82245773
8,100000.0,0.007021866996761653,0.1,0.007021866996761653,1,-350322208.4665955
8,100000.0,0.007021866996761653,1.0,0.007021866996761653,1,-350306202.74977636
8,100000.0,0.007021866996761653,10.0,0.007021866996761653,1,-350166885.34676635
8,100000.0,0.007021866996761653,100.0,0.007021866996761653,1,-348845822.47076416
8,100000.0,0.007021866996761653,1000.0,0.007021866996761653,1,-338302380.0863995
8,100000.0,0.007021866996761653,10000.0,0.007021866996761653,1,-288627111.4284026
8,100000.0,0.007021866996761653,100000.0,0.007021866996761653,1,-182592016.13484833
8,100000.0,0.007021866996761653,1000000.0,0.007021866996761653,1,-85577665.28077275
8,100000.0,0.007021866996761653,10000000.0,0.007021866996761653,1,-87349865.17641069
8,100000.0,0.007021866996761653,100000000.0,0.007021866996761653,1,-87307363.68694182
8,100000.0,0.007021866996761653,1000000000.0,0.007021866996761653,1,-87457345.64549164
8,1000000.0,0.007021866996761653,1e-09,0.007021866996761653,1,-363279072.3056209
8,1000000.0,0.007021866996761653,1e-08,0.007021866996761653,1,-363279072.3054793
8,1000000.0,0.007021866996761653,1e-07,0.007021866996761653,1,-363279072.30406386
8,1000000.0,0.007021866996761653,1e-06,0.007021866996761653,1,-363278764.3070251
8,1000000.0,0.007021866996761653,1e-05,0.007021866996761653,1,-363278764.1654089
8,1000000.0,0.007021866996761653,0.0001,0.007021866996761653,1,-363278762.749249
8,1000000.0,0.007021866996761653,0.001,0.007021866996761653,1,-363281105.12613505
8,1000000.0,0.007021866996761653,0.01,0.007021866996761653,1,-363279920.0158771
8,1000000.0,0.007021866996761653,0.1,0.007021866996761653,1,-363278028.335163
8,1000000.0,0.007021866996761653,1.0,0.007021866996761653,1,-363262825.4840645
8,1000000.0,0.007021866996761653,10.0,0.007021866996761653,1,-363124303.85438603
8,1000000.0,0.007021866996761653,100.0,0.007021866996761653,1,-361801211.44787925
8,1000000.0,0.007021866996761653,1000.0,0.007021866996761653,1,-351253028.1899164
8,1000000.0,0.007021866996761653,10000.0,0.007021866996761653,1,-301536801.2765135
8,1000000.0,0.007021866996761653,100000.0,0.007021866996761653,1,-195095848.46961161
8,1000000.0,0.007021866996761653,1000000.0,0.007021866996761653,1,-92839686.82038632
8,1000000.0,0.007021866996761653,10000000.0,0.007021866996761653,1,-290166429.00229174
8,1000000.0,0.007021866996761653,100000000.0,0.007021866996761653,1,-271291398.5272332
8,1000000.0,0.007021866996761653,1000000000.0,0.007021866996761653,1,-270762840.7137573
8,10000000.0,0.007021866996761653,1e-09,0.007021866996761653,1,-365881656.6998777
8,10000000.0,0.007021866996761653,1e-08,0.007021866996761653,1,-365882940.7730065
8,10000000.0,0.007021866996761653,1e-07,0.007021866996761653,1,-365882940.7715903
8,10000000.0,0.007021866996761653,1e-06,0.007021866996761653,1,-365882940.7574281
8,10000000.0,0.007021866996761653,1e-05,0.007021866996761653,1,-365882940.6158078
8,10000000.0,0.007021866996761653,0.0001,0.007021866996761653,1,-365882939.1996026
8,10000000.0,0.007021866996761653,0.001,0.007021866996761653,1,-365885989.7938815
8,10000000.0,0.007021866996761653,0.01,0.007021866996761653,1,-365884070.4859693
8,10000000.0,0.007021866996761653,0.1,0.007021866996761653,1,-365882637.4608128
8,10000000.0,0.007021866996761653,1.0,0.007021866996761653,1,-365867487.6818908
8,10000000.0,0.007021866996761653,10.0,0.007021866996761653,1,-365729258.23807263
8,10000000.0,0.007021866996761653,100.0,0.007021866996761653,1,-364405797.7281695
8,10000000.0,0.007021866996761653,1000.0,0.007021866996761653,1,-353856844.6978546
8,10000000.0,0.007021866996761653,10000.0,0.007021866996761653,1,-304136352.5343406
8,10000000.0,0.007021866996761653,100000.0,0.007021866996761653,1,-197653779.84211308
8,10000000.0,0.007021866996761653,1000000.0,0.007021866996761653,1,-94998486.69503401
8,10000000.0,0.007021866996761653,10000000.0,0.007021866996761653,1,-310900113.6084668
8,10000000.0,0.007021866996761653,100000000.0,0.007021866996761653,1,-3519623160.9978647
8,10000000.0,0.007021866996761653,1000000000.0,0.007021866996761653,1,-3351736652.4324613
8,100000000.0,0.007021866996761653,1e-09,0.007021866996761653,1,-366901487.33008945
8,100000000.0,0.007021866996761653,1e-08,0.007021866996761653,1,-366901487.3299479
8,100000000.0,0.007021866996761653,1e-07,0.007021866996761653,1,-366901487.3285316
8,100000000.0,0.007021866996761653,1e-06,0.007021866996761653,1,-366901487.3143694
8,100000000.0,0.007021866996761653,1e-05,0.007021866996761653,1,-366901487.17274827
8,100000000.0,0.007021866996761653,0.0001,0.007021866996761653,1,-366901485.7565373
8,100000000.0,0.007021866996761653,0.001,0.007021866996761653,1,-366904430.4178554
8,100000000.0,0.007021866996761653,0.01,0.007021866996761653,1,-366902514.5914797
8,100000000.0,0.007021866996761653,0.1,0.007021866996761653,1,-366901159.6150894
8,100000000.0,0.007021866996761653,1.0,0.007021866996761653,1,-366885935.16947347
8,100000000.0,0.007021866996761653,10.0,0.007021866996761653,1,-366747838.2037855
8,100000000.0,0.007021866996761653,100.0,0.007021866996761653,1,-365424232.45123976
8,100000000.0,0.007021866996761653,1000.0,0.007021866996761653,1,-354875157.9622409
8,100000000.0,0.007021866996761653,10000.0,0.007021866996761653,1,-305154304.3715008
8,100000000.0,0.007021866996761653,100000.0,0.007021866996761653,1,-198667510.45399228
8,100000000.0,0.007021866996761653,1000000.0,0.007021866996761653,1,-95972162.02883399
8,100000000.0,0.007021866996761653,10000000.0,0.007021866996761653,1,-311468299.1124073
8,100000000.0,0.007021866996761653,100000000.0,0.007021866996761653,1,-3758909636.277963
8,100000000.0,0.007021866996761653,1000000000.0,0.007021866996761653,1,-37101725957.25707
8,1000000000.0,0.007021866996761653,1e-09,0.007021866996761653,1,-367749985.5171168
8,1000000000.0,0.007021866996761653,1e-08,0.007021866996761653,1,-367749985.5169751
8,1000000000.0,0.007021866996761653,1e-07,0.007021866996761653,1,-367749985.5155589
8,1000000000.0,0.007021866996761653,1e-06,0.007021866996761653,1,-367749985.50139683
8,1000000000.0,0.007021866996761653,1e-05,0.007021866996761653,1,-367749985.3597754
8,1000000000.0,0.007021866996761653,0.0001,0.007021866996761653,1,-367749983.9435629
8,1000000000.0,0.007021866996761653,0.001,0.007021866996761653,1,-367752864.6441993
8,1000000000.0,0.007021866996761653,0.01,0.007021866996761653,1,-367751020.75658154
8,1000000000.0,0.007021866996761653,0.1,0.007021866996761653,1,-367749583.166472
8,1000000000.0,0.007021866996761653,1.0,0.007021866996761653,1,-367734349.6073979
8,1000000000.0,0.007021866996761653,10.0,0.007021866996761653,1,-367596279.18547755
8,1000000000.0,0.007021866996761653,100.0,0.007021866996761653,1,-366272705.2734069
8,1000000000.0,0.007021866996761653,1000.0,0.007021866996761653,1,-355723639.096981
8,1000000000.0,0.007021866996761653,10000.0,0.007021866996761653,1,-306002700.84824747
8,1000000000.0,0.007021866996761653,100000.0,0.007021866996761653,1,-199515444.1283358
8,1000000000.0,0.007021866996761653,1000000.0,0.007021866996761653,1,-96816135.03828199
8,1000000000.0,0.007021866996761653,10000000.0,0.007021866996761653,1,-312271676.5477684
8,1000000000.0,0.007021866996761653,100000000.0,0.007021866996761653,1,-3759240456.3335195
8,1000000000.0,0.007021866996761653,1000000000.0,0.007021866996761653,1,-39526687862.43599
8,1e-09,0.007021866996761653,1e-09,0.007021866996761653,2,-206225925.05824655
8,1e-09,0.007021866996761653,1e-08,0.007021866996761653,2,-206225925.05811495
8,1e-09,0.007021866996761653,1e-07,0.007021866996761653,2,-206225925.05679652
8,1e-09,0.007021866996761653,1e-06,0.007021866996761653,2,-206225925.04361525
8,1e-09,0.007021866996761653,1e-05,0.007021866996761653,2,-206225924.9117993
8,1e-09,0.007021866996761653,0.0001,0.007021866996761653,2,-206225923.5936522
8,1e-09,0.007021866996761653,0.001,0.007021866996761653,2,-206222121.4725571
8,1e-09,0.007021866996761653,0.01,0.007021866996761653,2,-206221984.97042182
8,1e-09,0.007021866996761653,0.1,0.007021866996761653,2,-206228058.11567765
8,1e-09,0.007021866996761653,1.0,0.007021866996761653,2,-206213134.9821369
8,1e-09,0.007021866996761653,10.0,0.007021866996761653,2,-206077156.57222083
8,1e-09,0.007021866996761653,100.0,0.007021866996761653,2,-204855218.7865166
8,1e-09,0.007021866996761653,1000.0,0.007021866996761653,2,-206178582.80634293
8,1e-09,0.007021866996761653,10000.0,0.007021866996761653,2,-219643410.91240838
8,1e-09,0.007021866996761653,100000.0,0.007021866996761653,2,-235201632.96751857
8,1e-09,0.007021866996761653,1000000.0,0.007021866996761653,2,-238735080.08081084
8,1e-09,0.007021866996761653,10000000.0,0.007021866996761653,2,-239136459.64448264
8,1e-09,0.007021866996761653,100000000.0,0.007021866996761653,2,-239117338.32682395
8,1e-09,0.007021866996761653,1000000000.0,0.007021866996761653,2,-239187828.7349546
8,1e-08,0.007021866996761653,1e-09,0.007021866996761653,2,-206225925.05709726
8,1e-08,0.007021866996761653,1e-08,0.007021866996761653,2,-206225925.0569653
8,1e-08,0.007021866996761653,1e-07,0.007021866996761653,2,-206225925.05564722
8,1e-08,0.007021866996761653,1e-06,0.007021866996761653,2,-206225925.04246575
8,1e-08,0.007021866996761653,1e-05,0.007021866996761653,2,-206225924.91064996
8,1e-08,0.007021866996761653,0.0001,0.007021866996761653,2,-206225923.59250277
8,1e-08,0.007021866996761653,0.001,0.007021866996761653,2,-206222121.4713872
8,1e-08,0.007021866996761653,0.01,0.007021866996761653,2,-206221984.9693306
8,1e-08,0.007021866996761653,0.1,0.007021866996761653,2,-206228058.1144342
8,1e-08,0.007021866996761653,1.0,0.007021866996761653,2,-206213134.98079374
8,1e-08,0.007021866996761653,10.0,0.007021866996761653,2,-206077156.57097882
8,1e-08,0.007021866996761653,100.0,0.007021866996761653,2,-204855218.78530148
8,1e-08,0.007021866996761653,1000.0,0.007021866996761653,2,-206178582.8031003
8,1e-08,0.007021866996761653,10000.0,0.007021866996761653,2,-219643410.90993923
8,1e-08,0.007021866996761653,100000.0,0.007021866996761653,2,-235201632.96518564
8,1e-08,0.007021866996761653,1000000.0,0.007021866996761653,2,-238735080.07836115
8,1e-08,0.007021866996761653,10000000.0,0.007021866996761653,2,-239130832.59655014
8,1e-08,0.007021866996761653,100000000.0,0.007021866996761653,2,-239114616.29921797
8,1e-08,0.007021866996761653,1000000000.0,0.007021866996761653,2,-239187828.73236
8,1e-07,0.007021866996761653,1e-09,0.007021866996761653,2,-206225925.04560375
8,1e-07,0.007021866996761653,1e-08,0.007021866996761653,2,-206225925.04547188
8,1e-07,0.007021866996761653,1e-07,0.007021866996761653,2,-206225925.04415354
8,1e-07,0.007021866996761653,1e-06,0.007021866996761653,2,-206225925.03097212
8,1e-07,0.007021866996761653,1e-05,0.007021866996761653,2,-206225924.8991564
8,1e-07,0.007021866996761653,0.0001,0.007021866996761653,2,-206225923.5810095
8,1e-07,0.007021866996761653,0.001,0.007021866996761653,2,-206222121.4596897
8,1e-07,0.007021866996761653,0.01,0.007021866996761653,2,-206221984.95841873
8,1e-07,0.007021866996761653,0.1,0.007021866996761653,2,-206228058.10199758
8,1e-07,0.007021866996761653,1.0,0.007021866996761653,2,-206213134.9673652
8,1e-07,0.007021866996761653,10.0,0.007021866996761653,2,-206077156.55856153
8,1e-07,0.007021866996761653,100.0,0.007021866996761653,2,-204855218.77315104
8,1e-07,0.007021866996761653,1000.0,0.007021866996761653,2,-206178582.77067563
8,1e-07,0.007021866996761653,10000.0,0.007021866996761653,2,-219643410.88524815
8,1e-07,0.007021866996761653,100000.0,0.007021866996761653,2,-235197721.59660685
8,1e-07,0.007021866996761653,1000000.0,0.007021866996761653,2,-238729762.88393483
8,1e-07,0.007021866996761653,10000000.0,0.007021866996761653,2,-239142037.87084568
8,1e-07,0.007021866996761653,100000000.0,0.007021866996761653,2,-239125769.50371125
8,1e-07,0.007021866996761653,1000000000.0,0.007021866996761653,2,-239187828.7064136
8,1e-06,0.007021866996761653,1e-09,0.007021866996761653,2,-206225924.93066913
8,1e-06,0.007021866996761653,1e-08,0.007021866996761653,2,-206225924.93053734
8,1e-06,0.007021866996761653,1e-07,0.007021866996761653,2,-206225924.92921948
8,1e-06,0.007021866996761653,1e-06,0.007021866996761653,2,-206225924.91603768
8,1e-06,0.007021866996761653,1e-05,0.007021866996761653,2,-206225924.784222
8,1e-06,0.007021866996761653,0.0001,0.007021866996761653,2,-206225923.466075
8,1e-06,0.007021866996761653,0.001,0.007021866996761653,2,-206222121.34271508
8,1e-06,0.007021866996761653,0.01,0.007021866996761653,2,-206222203.13833714
8,1e-06,0.007021866996761653,0.1,0.007021866996761653,2,-206228057.9776327
8,1e-06,0.007021866996761653,1.0,0.007021866996761653,2,-206212748.26958016
8,1e-06,0.007021866996761653,10.0,0.007021866996761653,2,-206078271.16287547
8,1e-06,0.007021866996761653,100.0,0.007021866996761653,2,-204855218.65164787
8,1e-06,0.007021866996761653,1000.0,0.007021866996761653,2,-206178582.4464303
8,1e-06,0.007021866996761653,10000.0,0.007021866996761653,2,-219643410.6383378
8,1e-06,0.007021866996761653,100000.0,0.007021866996761653,2,-235205433.88883084
8,1e-06,0.007021866996761653,1000000.0,0.007021866996761653,2,-238741196.0719861
8,1e-06,0.007021866996761653,10000000.0,0.007021866996761653,2,-239142032.6092281
8,1e-06,0.007021866996761653,100000000.0,0.007021866996761653,2,-239125764.36279517
8,1e-06,0.007021866996761653,1000000000.0,0.007021866996761653,2,-239187823.6042449
8,1e-05,0.007021866996761653,1e-09,0.007021866996761653,2,-206225923.78138188
8,1e-05,0.007021866996761653,1e-08,0.007021866996761653,2,-206225923.78125015
8,1e-05,0.007021866996761653,1e-07,0.007021866996761653,2,-206225923.779932
8,1e-05,0.007021866996761653,1e-06,0.007021866996761653,2,-206225923.76675043
8,1e-05,0.007021866996761653,1e-05,0.007021866996761653,2,-206225923.63493475
8,1e-05,0.007021866996761653,0.0001,0.007021866996761653,2,-206225922.31678897
8,1e-05,0.007021866996761653,0.001,0.007021866996761653,2,-206222119.27695248
8,1e-05,0.007021866996761653,0.01,0.007021866996761653,2,-206224630.02394524
8,1e-05,0.007021866996761653,0.1,0.007021866996761653,2,-206228355.4912879
8,1e-05,0.007021866996761653,1.0,0.007021866996761653,2,-206212739.81259388
8,1e-05,0.007021866996761653,10.0,0.007021866996761653,2,-206078269.92606118
8,1e-05,0.007021866996761653,100.0,0.007021866996761653,2,-204855217.43738008
8,1e-05,0.007021866996761653,1000.0,0.007021866996761653,2,-206176290.16533473
8,1e-05,0.007021866996761653,10000.0,0.007021866996761653,2,-219649746.16711274
8,1e-05,0.007021866996761653,100000.0,0.007021866996761653,2,-235209648.52320766
8,1e-05,0.007021866996761653,1000000.0,0.007021866996761653,2,-238741193.29700264
8,1e-05,0.007021866996761653,10000000.0,0.007021866996761653,2,-239142029.83465323
8,1e-05,0.007021866996761653,100000000.0,0.007021866996761653,2,-239125761.58494076
8,1e-05,0.007021866996761653,1000000000.0,0.007021866996761653,2,-239187820.82966232
8,0.0001,0.007021866996761653,1e-09,0.007021866996761653,2,-206226678.86238572
8,0.0001,0.007021866996761653,1e-08,0.007021866996761653,2,-206226678.8622543
8,0.0001,0.007021866996761653,1e-07,0.007021866996761653,2,-206226678.86094123
8,0.0001,0.007021866996761653,1e-06,0.007021866996761653,2,-206226678.84780982
8,0.0001,0.007021866996761653,1e-05,0.007021866996761653,2,-206226678.71649536
8,0.0001,0.007021866996761653,0.0001,0.007021866996761653,2,-206226699.28744033
8,0.0001,0.007021866996761653,0.001,0.007021866996761653,2,-206227492.71850786
8,0.0001,0.007021866996761653,0.01,0.007021866996761653,2,-206228162.16214448
8,0.0001,0.007021866996761653,0.1,0.007021866996761653,2,-206230246.52567562
8,0.0001,0.007021866996761653,1.0,0.007021866996761653,2,-206217019.43560526
8,0.0001,0.007021866996761653,10.0,0.007021866996761653,2,-206078496.95279172
8,0.0001,0.007021866996761653,100.0,0.007021866996761653,2,-204855199.96775803
8,0.0001,0.007021866996761653,1000.0,0.007021866996761653,2,-206175203.69843072
8,0.0001,0.007021866996761653,10000.0,0.007021866996761653,2,-219647407.54060945
8,0.0001,0.007021866996761653,100000.0,0.007021866996761653,2,-235207055.64460838
8,0.0001,0.007021866996761653,1000000.0,0.007021866996761653,2,-238738949.5118328
8,0.0001,0.007021866996761653,10000000.0,0.007021866996761653,2,-239139265.92081434
8,0.0001,0.007021866996761653,100000000.0,0.007021866996761653,2,-239122933.3204592
8,0.0001,0.007021866996761653,1000000000.0,0.007021866996761653,2,-239184956.49350852
8,0.001,0.007021866996761653,1e-09,0.007021866996761653,2,-206233912.9386565
8,0.001,0.007021866996761653,1e-08,0.007021866996761653,2,-206233912.93852445
8,0.001,0.007021866996761653,1e-07,0.007021866996761653,2,-206233912.9372049
8,0.001,0.007021866996761653,1e-06,0.007021866996761653,2,-206233912.92400566
8,0.001,0.007021866996761653,1e-05,0.007021866996761653,2,-206233912.7920155
8,0.001,0.007021866996761653,0.0001,0.007021866996761653,2,-206233911.47210836
8,0.001,0.007021866996761653,0.001,0.007021866996761653,2,-206233892.85170403
8,0.001,0.007021866996761653,0.01,0.007021866996761653,2,-206226018.25844082
8,0.001,0.007021866996761653,0.1,0.007021866996761653,2,-206223613.3069016
8,0.001,0.007021866996761653,1.0,0.007021866996761653,2,-206204023.19681334
8,0.001,0.007021866996761653,10.0,0.007021866996761653,2,-206083167.6805732
8,0.001,0.007021866996761653,100.0,0.007021866996761653,2,-204856451.19744092
8,0.001,0.007021866996761653,1000.0,0.007021866996761653,2,-206178237.31166482
8,0.001,0.007021866996761653,10000.0,0.007021866996761653,2,-219650716.6910628
8,0.001,0.007021866996761653,100000.0,0.007021866996761653,2,-235205960.88144672
8,0.001,0.007021866996761653,1000000.0,0.007021866996761653,2,-238735986.43182424
8,0.001,0.007021866996761653,10000000.0,0.007021866996761653,2,-239137134.14625648
8,0.001,0.007021866996761653,100000000.0,0.007021866996761653,2,-239120887.95323405
8,0.001,0.007021866996761653,1000000000.0,0.007021866996761653,2,-239182898.07236892
8,0.01,0.007021866996761653,1e-09,0.007021866996761653,2,-206224415.50989515
8,0.01,0.007021866996761653,1e-08,0.007021866996761653,2,-206224415.5097637
8,0.01,0.007021866996761653,1e-07,0.007021866996761653,2,-206224415.50844726
8,0.01,0.007021866996761653,1e-06,0.007021866996761653,2,-206224415.49528688
8,0.01,0.007021866996761653,1e-05,0.007021866996761653,2,-206224415.36368293
8,0.01,0.007021866996761653,0.0001,0.007021866996761653,2,-206224414.04764608
8,0.01,0.007021866996761653,0.001,0.007021866996761653,2,-206224749.21887687
8,0.01,0.007021866996761653,0.01,0.007021866996761653,2,-206223306.57688463
8,0.01,0.007021866996761653,0.1,0.007021866996761653,2,-206221577.99786523
8,0.01,0.007021866996761653,1.0,0.007021866996761653,2,-206209643.0970866
8,0.01,0.007021866996761653,10.0,0.007021866996761653,2,-206079882.96791333
8,0.01,0.007021866996761653,100.0,0.007021866996761653,2,-204860542.31726158
8,0.01,0.007021866996761653,1000.0,0.007021866996761653,2,-206168278.6393477
8,0.01,0.007021866996761653,10000.0,0.007021866996761653,2,-219639156.57445693
8,0.01,0.007021866996761653,100000.0,0.007021866996761653,2,-235197388.56776112
8,0.01,0.007021866996761653,1000000.0,0.007021866996761653,2,-238733195.14398357
8,0.01,0.007021866996761653,10000000.0,0.007021866996761653,2,-239133214.4491284
8,0.01,0.007021866996761653,100000000.0,0.007021866996761653,2,-239117223.51696497
8,0.01,0.007021866996761653,1000000000.0,0.007021866996761653,2,-239179357.7975435
8,0.1,0.007021866996761653,1e-09,0.007021866996761653,2,-206217110.15689048
8,0.1,0.007021866996761653,1e-08,0.007021866996761653,2,-206217110.1567587
8,0.1,0.007021866996761653,1e-07,0.007021866996761653,2,-206217110.15543965
8,0.1,0.007021866996761653,1e-06,0.007021866996761653,2,-206217110.14225018
8,0.1,0.007021866996761653,1e-05,0.007021866996761653,2,-206217110.010356
8,0.1,0.007021866996761653,0.0001,0.007021866996761653,2,-206217110.53756973
8,0.1,0.007021866996761653,0.001,0.007021866996761653,2,-206216967.68576723
8,0.1,0.007021866996761653,0.01,0.007021866996761653,2,-206213593.49065033
8,0.1,0.007021866996761653,0.1,0.007021866996761653,2,-206217045.73358187
8,0.1,0.007021866996761653,1.0,0.007021866996761653,2,-206199761.28032857
8,0.1,0.007021866996761653,10.0,0.007021866996761653,2,-206070900.20186907
8,0.1,0.007021866996761653,100.0,0.007021866996761653,2,-204845918.14071274
8,0.1,0.007021866996761653,1000.0,0.007021866996761653,2,-206147661.21931267
8,0.1,0.007021866996761653,10000.0,0.007021866996761653,2,-219621450.6325511
8,0.1,0.007021866996761653,100000.0,0.007021866996761653,2,-235181680.8328161
8,0.1,0.007021866996761653,1000000.0,0.007021866996761653,2,-238711841.1374755
8,0.1,0.007021866996761653,10000000.0,0.007021866996761653,2,-239112807.6196778
8,0.1,0.007021866996761653,100000000.0,0.007021866996761653,2,-239096480.55561996
8,0.1,0.007021866996761653,1000000000.0,0.007021866996761653,2,-239158552.3753708
8,1.0,0.007021866996761653,1e-09,0.007021866996761653,2,-206181906.0327848
8,1.0,0.007021866996761653,1e-08,0.007021866996761653,2,-206181906.03265303
8,1.0,0.007021866996761653,1e-07,0.007021866996761653,2,-206181906.0313353
8,1.0,0.007021866996761653,1e-06,0.007021866996761653,2,-206181906.01815647
8,1.0,0.007021866996761653,1e-05,0.007021866996761653,2,-206181905.88636956
8,1.0,0.007021866996761653,0.0001,0.007021866996761653,2,-206181904.5684998
8,1.0,0.007021866996761653,0.001,0.007021866996761653,2,-206182204.14244542
8,1.0,0.007021866996761653,0.01,0.007021866996761653,2,-206181748.13160062
8,1.0,0.007021866996761653,0.1,0.007021866996761653,2,-206178451.7539583
8,1.0,0.007021866996761653,1.0,0.007021866996761653,2,-206165057.05328837
8,1.0,0.007021866996761653,10.0,0.007021866996761653,2,-206035973.78366676
8,1.0,0.007021866996761653,100.0,0.007021866996761653,2,-204812791.2287208
8,1.0,0.007021866996761653,1000.0,0.007021866996761653,2,-206059823.1259137
8,1.0,0.007021866996761653,10000.0,0.007021866996761653,2,-219460078.6296992
8,1.0,0.007021866996761653,100000.0,0.007021866996761653,2,-235034254.41057128
8,1.0,0.007021866996761653,1000000.0,0.007021866996761653,2,-238568915.9435809
8,1.0,0.007021866996761653,10000000.0,0.007021866996761653,2,-238969742.60823172
8,1.0,0.007021866996761653,100000000.0,0.007021866996761653,2,-238953325.94883636
8,1.0,0.007021866996761653,1000000000.0,0.007021866996761653,2,-239015773.78126058
8,10.0,0.007021866996761653,1e-09,0.007021866996761653,2,-206240489.7031571
8,10.0,0.007021866996761653,1e-08,0.007021866996761653,2,-206240489.7030253
8,10.0,0.007021866996761653,1e-07,0.007021866996761653,2,-206240489.7017061
8,10.0,0.007021866996761653,1e-06,0.007021866996761653,2,-206240489.68851522
8,10.0,0.007021866996761653,1e-05,0.007021866996761653,2,-206240489.55660465
8,10.0,0.007021866996761653,0.0001,0.007021866996761653,2,-206240488.23750147
8,10.0,0.007021866996761653,0.001,0.007021866996761653,2,-206240475.04659587
8,10.0,0.007021866996761653,0.01,0.007021866996761653,2,-206237768.2580737
8,10.0,0.007021866996761653,0.1,0.007021866996761653,2,-206235420.39782584
8,10.0,0.007021866996761653,1.0,0.007021866996761653,2,-206225291.04815057
8,10.0,0.007021866996761653,10.0,0.007021866996761653,2,-206100618.83797142
8,10.0,0.007021866996761653,100.0,0.007021866996761653,2,-204826684.024977
8,10.0,0.007021866996761653,1000.0,0.007021866996761653,2,-204968245.55415428
8,10.0,0.007021866996761653,10000.0,0.007021866996761653,2,-218207208.1784917
8,10.0,0.007021866996761653,100000.0,0.007021866996761653,2,-233953936.34220424
8,10.0,0.007021866996761653,1000000.0,0.007021866996761653,2,-237504887.3435593
8,10.0,0.007021866996761653,10000000.0,0.007021866996761653,2,-237906683.1486654
8,10.0,0.007021866996761653,100000000.0,0.007021866996761653,2,-237886811.32390237
8,10.0,0.007021866996761653,1000000000.0,0.007021866996761653,2,-237952526.26801065
8,100.0,0.007021866996761653,1e-09,0.007021866996761653,2,-210017404.28808847
8,100.0,0.007021866996761653,1e-08,0.007021866996761653,2,-210017404.28795478
8,100.0,0.007021866996761653,1e-07,0.007021866996761653,2,-210017404.28661808
8,100.0,0.007021866996761653,1e-06,0.007021866996761653,2,-210017404.27325046
8,100.0,0.007021866996761653,1e-05,0.007021866996761653,2,-210017404.13957924
8,100.0,0.007021866996761653,0.0001,0.007021866996761653,2,-210021426.43590355
8,100.0,0.007021866996761653,0.001,0.007021866996761653,2,-210016421.5575814
8,100.0,0.007021866996761653,0.01,0.007021866996761653,2,-210023920.75089398
8,100.0,0.007021866996761653,0.1,0.007021866996761653,2,-210021216.09659976
8,100.0,0.007021866996761653,1.0,0.007021866996761653,2,-210003454.922219
8,100.0,0.007021866996761653,10.0,0.007021866996761653,2,-209875077.39813337
8,100.0,0.007021866996761653,100.0,0.007021866996761653,2,-208632576.38591886
8,100.0,0.007021866996761653,1000.0,0.007021866996761653,2,-198849876.44143614
8,100.0,0.007021866996761653,10000.0,0.007021866996761653,2,-211811837.65431708
8,100.0,0.007021866996761653,100000.0,0.007021866996761653,2,-227543481.68369156
8,100.0,0.007021866996761653,1000000.0,0.007021866996761653,2,-231401938.21644777
8,100.0,0.007021866996761653,10000000.0,0.007021866996761653,2,-231815801.89599806
8,100.0,0.007021866996761653,100000000.0,0.007021866996761653,2,-231756814.8895705
8,100.0,0.007021866996761653,1000000000.0,0.007021866996761653,2,-231863571.33979586
8,1000.0,0.007021866996761653,1e-09,0.007021866996761653,2,-243697929.02512634
8,1000.0,0.007021866996761653,1e-08,0.007021866996761653,2,-243697929.0249878
8,1000.0,0.007021866996761653,1e-07,0.007021866996761653,2,-243697929.02360275
8,1000.0,0.007021866996761653,1e-06,0.007021866996761653,2,-243697929.0097562
8,1000.0,0.007021866996761653,1e-05,0.007021866996761653,2,-243697928.8712869
8,1000.0,0.007021866996761653,0.0001,0.007021866996761653,2,-243697927.48658943
8,1000.0,0.007021866996761653,0.001,0.007021866996761653,2,-243698095.06460425
8,1000.0,0.007021866996761653,0.01,0.007021866996761653,2,-243700658.24504218
8,1000.0,0.007021866996761653,0.1,0.007021866996761653,2,-243700771.8126051
8,1000.0,0.007021866996761653,1.0,0.007021866996761653,2,-243684586.62458968
8,1000.0,0.007021866996761653,10.0,0.007021866996761653,2,-243549837.13488716
8,1000.0,0.007021866996761653,100.0,0.007021866996761653,2,-242256969.9927599
8,1000.0,0.007021866996761653,1000.0,0.007021866996761653,2,-232016808.68511957
8,1000.0,0.007021866996761653,10000.0,0.007021866996761653,2,-190367863.0887566
8,1000.0,0.007021866996761653,100000.0,0.007021866996761653,2,-204923508.5447646
8,1000.0,0.007021866996761653,1000000.0,0.007021866996761653,2,-208854486.02719778
8,1000.0,0.007021866996761653,10000000.0,0.007021866996761653,2,-209283769.39229158
8,1000.0,0.007021866996761653,100000000.0,0.007021866996761653,2,-209323755.9606012
8,1000.0,0.007021866996761653,1000000000.0,0.007021866996761653,2,-209310513.589171
8,10000.0,0.007021866996761653,1e-09,0.007021866996761653,2,-308421942.04461336
8,10000.0,0.007021866996761653,1e-08,0.007021866996761653,2,-308421942.044472
8,10000.0,0.007021866996761653,1e-07,0.007021866996761653,2,-308421942.04306096
8,10000.0,0.007021866996761653,1e-06,0.007021866996761653,2,-308421942.02895325
8,10000.0,0.007021866996761653,1e-05,0.007021866996761653,2,-308421941.8878722
8,10000.0,0.007021866996761653,0.0001,0.007021866996761653,2,-308421570.5935424
8,10000.0,0.007021866996761653,0.001,0.007021866996761653,2,-308421490.7846976
8,10000.0,0.007021866996761653,0.01,0.007021866996761653,2,-308420152.36598647
8,10000.0,0.007021866996761653,0.1,0.007021866996761653,2,-308420307.792532
8,10000.0,0.007021866996761653,1.0,0.007021866996761653,2,-308406350.97147137
8,10000.0,0.007021866996761653,10.0,0.007021866996761653,2,-308268109.94199395
8,10000.0,0.007021866996761653,100.0,0.007021866996761653,2,-306953920.2927213
8,10000.0,0.007021866996761653,1000.0,0.007021866996761653,2,-296448573.00101274
8,10000.0,0.007021866996761653,10000.0,0.007021866996761653,2,-247168040.3735561
8,10000.0,0.007021866996761653,100000.0,0.007021866996761653,2,-148742840.36729366
8,10000.0,0.007021866996761653,1000000.0,0.007021866996761653,2,-154982818.4319153
8,10000.0,0.007021866996761653,10000000.0,0.007021866996761653,2,-155586442.87773865
8,10000.0,0.007021866996761653,100000000.0,0.007021866996761653,2,-155670848.38049495
8,10000.0,0.007021866996761653,1000000000.0,0.007021866996761653,2,-155674755.95052728
8,100000.0,0.007021866996761653,1e-09,0.007021866996761653,2,-350324733.54973155
8,100000.0,0.007021866996761653,1e-08,0.007021866996761653,2,-350324733.54959005
8,100000.0,0.007021866996761653,1e-07,0.007021866996761653,2,-350324733.54817486
8,100000.0,0.007021866996761653,1e-06,0.007021866996761653,2,-350324733.5340235
8,100000.0,0.007021866996761653,1e-05,0.007021866996761653,2,-350324733.3925101
8,100000.0,0.007021866996761653,0.0001,0.007021866996761653,2,-350324731.9773783
8,100000.0,0.007021866996761653,0.001,0.007021866996761653,2,-350322859.20931304
8,100000.0,0.007021866996761653,0.01,0.007021866996761653,2,-350323475.01783824
8,100000.0,0.007021866996761653,0.1,0.007021866996761653,2,-350324798.15985864
8,100000.0,0.007021866996761653,1.0,0.007021866996761653,2,-350307479.43880635
8,100000.0,0.007021866996761653,10.0,0.007021866996761653,2,-350170208.7588787
8,100000.0,0.007021866996761653,100.0,0.007021866996761653,2,-348846151.83876365
8,100000.0,0.007021866996761653,1000.0,0.007021866996761653,2,-338303703.3240512
8,100000.0,0.007021866996761653,10000.0,0.007021866996761653,2,-288632028.55521554
8,100000.0,0.007021866996761653,100000.0,0.007021866996761653,2,-182594375.24030653
8,100000.0,0.007021866996761653,1000000.0,0.007021866996761653,2,-85580702.3443646
8,100000.0,0.007021866996761653,10000000.0,0.007021866996761653,2,-87351862.75947228
8,100000.0,0.007021866996761653,100000000.0,0.007021866996761653,2,-87309502.02351494
8,100000.0,0.007021866996761653,1000000000.0,0.007021866996761653,2,-87459283.94834493
8,1000000.0,0.007021866996761653,1e-09,0.007021866996761653,2,-363282261.83644265
8,1000000.0,0.007021866996761653,1e-08,0.007021866996761653,2,-363282261.8363012
8,1000000.0,0.007021866996761653,1e-07,0.007021866996761653,2,-363282461.85660285
8,1000000.0,0.007021866996761653,1e-06,0.007021866996761653,2,-363280354.72385836
8,1000000.0,0.007021866996761653,1e-05,0.007021866996761653,2,-363280354.58226836
8,1000000.0,0.007021866996761653,0.0001,0.007021866996761653,2,-363280531.6628164
8,1000000.0,0.007021866996761653,0.001,0.007021866996761653,2,-363284318.08911216
8,1000000.0,0.007021866996761653,0.01,0.007021866996761653,2,-363282575.23759305
8,1000000.0,0.007021866996761653,0.1,0.007021866996761653,2,-363281759.0030717
8,1000000.0,0.007021866996761653,1.0,0.007021866996761653,2,-363264143.90058786
8,1000000.0,0.007021866996761653,10.0,0.007021866996761653,2,-363128510.0730415
8,1000000.0,0.007021866996761653,100.0,0.007021866996761653,2,-361803190.64267504
8,1000000.0,0.007021866996761653,1000.0,0.007021866996761653,2,-351256593.08383465
8,1000000.0,0.007021866996761653,10000.0,0.007021866996761653,2,-301540511.5428469
8,1000000.0,0.007021866996761653,100000.0,0.007021866996761653,2,-195098475.9088062
8,1000000.0,0.007021866996761653,1000000.0,0.007021866996761653,2,-92842151.00609279
8,1000000.0,0.007021866996761653,10000000.0,0.007021866996761653,2,-290154662.9700045
8,1000000.0,0.007021866996761653,100000000.0,0.007021866996761653,2,-271291825.8973552
8,1000000.0,0.007021866996761653,1000000000.0,0.007021866996761653,2,-270763971.5451795
8,10000000.0,0.007021866996761653,1e-09,0.007021866996761653,2,-365886757.96727276
8,10000000.0,0.007021866996761653,1e-08,0.007021866996761653,2,-365887184.8921561
8,10000000.0,0.007021866996761653,1e-07,0.007021866996761653,2,-365887184.89074004
8,10000000.0,0.007021866996761653,1e-06,0.007021866996761653,2,-365887184.87658024
8,10000000.0,0.007021866996761653,1e-05,0.007021866996761653,2,-365887184.734984
8,10000000.0,0.007021866996761653,0.0001,0.007021866996761653,2,-365886583.5731125
8,10000000.0,0.007021866996761653,0.001,0.007021866996761653,2,-365886434.09548235
8,10000000.0,0.007021866996761653,0.01,0.007021866996761653,2,-365886287.24578965
8,10000000.0,0.007021866996761653,0.1,0.007021866996761653,2,-365886020.8766309
8,10000000.0,0.007021866996761653,1.0,0.007021866996761653,2,-365868240.6249886
8,10000000.0,0.007021866996761653,10.0,0.007021866996761653,2,-365732492.2876738
8,10000000.0,0.007021866996761653,100.0,0.007021866996761653,2,-364407045.5314737
8,10000000.0,0.007021866996761653,1000.0,0.007021866996761653,2,-353860250.8799508
8,10000000.0,0.007021866996761653,10000.0,0.007021866996761653,2,-304139742.52950436
8,10000000.0,0.007021866996761653,100000.0,0.007021866996761653,2,-197656543.04253277
8,10000000.0,0.007021866996761653,1000000.0,0.007021866996761653,2,-95001115.59631911
8,10000000.0,0.007021866996761653,10000000.0,0.007021866996761653,2,-310902459.7718153
8,10000000.0,0.007021866996761653,100000000.0,0.007021866996761653,2,-3519466178.030987
8,10000000.0,0.007021866996761653,1000000000.0,0.007021866996761653,2,-3351631576.0894446
8,100000000.0,0.007021866996761653,1e-09,0.007021866996761653,2,-366905569.26726973
8,100000000.0,0.007021866996761653,1e-08,0.007021866996761653,2,-366905569.2671283
8,100000000.0,0.007021866996761653,1e-07,0.007021866996761653,2,-366905569.2657122
8,100000000.0,0.007021866996761653,1e-06,0.007021866996761653,2,-366905569.2515525
8,100000000.0,0.007021866996761653,1e-05,0.007021866996761653,2,-366905569.109956
8,100000000.0,0.007021866996761653,0.0001,0.007021866996761653,2,-366904923.31017584
8,100000000.0,0.007021866996761653,0.001,0.007021866996761653,2,-366904963.8236838
8,100000000.0,0.007021866996761653,0.01,0.007021866996761653,2,-366904727.8690991
8,100000000.0,0.007021866996761653,0.1,0.007021866996761653,2,-366904521.1998448
8,100000000.0,0.007021866996761653,1.0,0.007021866996761653,2,-366886599.9354884
8,100000000.0,0.007021866996761653,10.0,0.007021866996761653,2,-366751121.56140435
8,100000000.0,0.007021866996761653,100.0,0.007021866996761653,2,-365425444.76181066
8,100000000.0,0.007021866996761653,1000.0,0.007021866996761653,2,-354878469.04719204
8,100000000.0,0.007021866996761653,10000.0,0.007021866996761653,2,-305157562.12119305
8,100000000.0,0.007021866996761653,100000.0,0.007021866996761653,2,-198670249.20480782
8,100000000.0,0.007021866996761653,1000000.0,0.007021866996761653,2,-95974873.82303093
8,100000000.0,0.007021866996761653,10000000.0,0.007021866996761653,2,-311470833.01624346
8,100000000.0,0.007021866996761653,100000000.0,0.007021866996761653,2,-3758910248.3062243
8,100000000.0,0.007021866996761653,1000000000.0,0.007021866996761653,2,-37100173395.01514
8,1000000000.0,0.007021866996761653,1e-09,0.007021866996761653,2,-367753981.4040815
8,1000000000.0,0.007021866996761653,1e-08,0.007021866996761653,2,-367753981.4039399
8,1000000000.0,0.007021866996761653,1e-07,0.007021866996761653,2,-367753981.40252393
8,1000000000.0,0.007021866996761653,1e-06,0.007021866996761653,2,-367753981.38836414
8,1000000000.0,0.007021866996761653,1e-05,0.007021866996761653,2,-367753981.2467667
8,1000000000.0,0.007021866996761653,0.0001,0.007021866996761653,2,-367753341.50360817
8,1000000000.0,0.007021866996761653,0.001,0.007021866996761653,2,-367753486.9771365
8,1000000000.0,0.007021866996761653,0.01,0.007021866996761653,2,-367753096.20670563
8,1000000000.0,0.007021866996761653,0.1,0.007021866996761653,2,-367752981.9171219
8,1000000000.0,0.007021866996761653,1.0,0.007021866996761653,2,-367735015.21168584
8,1000000000.0,0.007021866996761653,10.0,0.007021866996761653,2,-367599610.2302648
8,1000000000.0,0.007021866996761653,100.0,0.007021866996761653,2,-366273878.4479371
8,1000000000.0,0.007021866996761653,1000.0,0.007021866996761653,2,-355726899.90872085
8,1000000000.0,0.007021866996761653,10000.0,0.007021866996761653,2,-306005898.7384376
8,1000000000.0,0.007021866996761653,100000.0,0.007021866996761653,2,-199518219.84673595
8,1000000000.0,0.007021866996761653,1000000.0,0.007021866996761653,2,-96818856.11673148
8,1000000000.0,0.007021866996761653,10000000.0,0.007021866996761653,2,-312274267.58336514
8,1000000000.0,0.007021866996761653,100000000.0,0.007021866996761653,2,-3759242357.168361
8,1000000000.0,0.007021866996761653,1000000000.0,0.007021866996761653,2,-39526682030.39732
